"","Constituency","Type","State","Party","Turnout","Gender","PrevParty","GSDP","Candidate","Criminal.Case","Education","Total.Assets","Liabilities","CandidateAge","GrowthRateAgri","Year","PredictedValue"
"1","Adilabad","ST","Telangana","Others",75.4,"M","Others",2.44,"Godam Nagesh",0,"Post Graduate",10378857,148784,49,6.15,"2014","INC"
"2","Agra","SC","Uttar Pradesh","BJP",59,"M","BJP",0.36,"Dr. Ram Shankar Katheria",21,"Doctorate",14634885,4035000,49,2.59,"2014","Others"
"3","Ahmadnagar","GEN","Maharashtra","BJP",62.5,"M","BJP",8.78,"Gandhi Dilipkumar Mansukhlal",16,"10th Pass",65316725,34176876,64,3.99,"2014","Others"
"4","Ahmedabad East","GEN","Gujarat","BJP",61.5,"M","BJP",7.12,"Paresh Rawal",0,"12th Pass",795211576,81472461,59,-6.96,"2014","BJP"
"5","Ahmedabad West","SC","Gujarat","BJP",62.9,"M","BJP",7.12,"Dr. Kirit P Solanki",0,"Post Graduate",34085266,208007,64,-6.96,"2014","BJP"
"6","Ajmer","GEN","Rajasthan","BJP",68.7,"M","INC",3.55,"Sanwar Lal Jat",0,"Doctorate",18064656,0,59,0.22,"2014","INC"
"7","Akbarpur","GEN","Uttar Pradesh","BJP",54.9,"M","INC",0.36,"Devendra Singh @ Bhole Singh",0,"10th Pass",28546617,559965,60,2.59,"2014","INC"
"8","Akola","GEN","Maharashtra","BJP",59.4,"M","BJP",8.78,"Dhotre Sanjay Shamrao",3,"Graduate Professional",48501735,6928458,55,3.99,"2014","INC"
"9","Alappuzha","GEN","Kerala","INC",78.5,"M","INC",18.41,"K C Venugopal",0,"Post Graduate",12856075,456010,51,4.39,"2014","INC"
"10","Alathur","SC","Kerala","Others",76.2,"M","Others",18.41,"P.K.Biju",0,"Post Graduate",3231047,341749,39,4.39,"2014","Others"
"11","Aligarh","GEN","Uttar Pradesh","BJP",59.4,"M","Others",0.36,"Satish Kumar",1,"10th Pass",52180006,754800,42,2.59,"2014","Others"
"12","Alipurduars","ST","West Bengal","Others",83.2,"M","Others",8.74,"Dasrath Tirkey",0,"Graduate",3550353,293909,47,5.38,"2014","Others"
"13","Allahabad","GEN","Uttar Pradesh","BJP",53.5,"M","Others",0.36,"Shyama Charan Gupta",0,"Graduate Professional",472851707,0,69,2.59,"2014","Others"
"14","Almora","SC","Uttarakhand","BJP",52.3,"M","INC",6.3,"Ajay Tamta",0,"12th Pass",6366653,2757846,41,4.12,"2014","Others"
"15","Alwar","GEN","Rajasthan","BJP",65.3,"M","INC",3.55,"Chand Nath",0,"Graduate",199653,0,58,0.22,"2014","INC"
"16","Amalapuram","SC","Andhra Pradesh","Others",82.6,"M","INC",2.44,"Dr Pandula Ravindra Babu",0,"Graduate Professional",27131000,3e+06,58,6.15,"2014","INC"
"17","Ambala","SC","Haryana","BJP",72,"M","INC",3.57,"Rattan Lal Kataria",0,"Post Graduate",42150634,843229,62,3.18,"2014","INC"
"18","Ambedkar Nagar","GEN","Uttar Pradesh","BJP",60.2,"M","Others",0.36,"Hari Om Pandey",0,"Post Graduate",15318114,0,58,2.59,"2014","Others"
"19","Amethi","GEN","Uttar Pradesh","INC",52.4,"M","INC",0.36,"Rahul Gandhi",0,"Post Graduate",94006549,1800000,43,2.59,"2014","INC"
"20","Amravati","SC","Maharashtra","Others",62.3,"M","Others",8.78,"Adsul Anandrao Vithoba",1,"Graduate",32596257,1587104,66,3.99,"2014","Others"
"21","Amreli","GEN","Gujarat","BJP",54.4,"M","BJP",7.12,"Kachhadiya Naranbhai Bhikhabhai",2,"12th Pass",34164801,4971590,58,-6.96,"2014","BJP"
"22","Amritsar","GEN","Punjab","INC",68.2,"M","BJP",2.55,"Captain Amarinder Singh",3,"Graduate",863564071,4853456,72,0.44,"2014","INC"
"23","Amroha","GEN","Uttar Pradesh","BJP",71,"M","Others",0.36,"Kanwar Singh Tanwar",0,"5th Pass",1788430770,4036151,52,2.59,"2014","Others"
"24","Anakapalli","GEN","Andhra Pradesh","Others",81.9,"M","INC",2.44,"Muttamsetti Srinivasa Rao (AVANTHI)",1,"Others",213294327,64899193,47,6.15,"2014","INC"
"25","Anand","GEN","Gujarat","BJP",64.9,"M","INC",7.12,"Dilip Patel",4,"10th Pass",75998610,7632620,59,-6.96,"2014","BJP"
"26","Anandpur Sahib","GEN","Punjab","Others",69.4,"M","INC",2.55,"Prem Singh Chandumajra",0,"Post Graduate",141599902,2248200,64,0.44,"2014","INC"
"27","Anantapur","GEN","Andhra Pradesh","Others",78.4,"M","INC",2.44,"J.C. Divakar Reddi",0,"12th Pass",226481020,3265000,70,6.15,"2014","INC"
"28","Anantnag","GEN","Jammu & Kashmir","Others",28.8,"F","Others",1.18,"Mehbooba Mufti",1,"Graduate Professional",5200000,0,54,4.97,"2014","Others"
"29","Andaman And Nicobar Islands","GEN","Andaman & Nicobar Islands","BJP",70.7,"M","BJP",1.62,"Bishnu Pada Ray",1,"Graduate",5658980,175115,64,2.52,"2014","INC"
"30","Aonla","GEN","Uttar Pradesh","BJP",60.2,"M","BJP",0.36,"Dharmendra Kumar",0,"10th Pass",5364652,0,49,2.59,"2014","INC"
"31","Arakkonam","GEN","Tamil Nadu","Others",77.7,"M","Others",3.11,"Hari, G.",4,"Post Graduate",32966706,0,53,7.33,"2014","Others"
"32","Arambagh","SC","West Bengal","Others",85.1,"F","Others",8.74,"Aparupa Poddar (AFRIN ALI)",0,"Post Graduate",3271869,2e+05,28,5.38,"2014","Others"
"33","Arani","GEN","Tamil Nadu","Others",80,"M","INC",3.11,"V.Elumalai",0,"Graduate Professional",70492462,25000,58,7.33,"2014","INC"
"34","Araria","GEN","Bihar","Others",61.5,"M","BJP",11.53,"Tasleem Uddin",4,"Literate",42368468,1026919,72,-10.06,"2014","INC"
"35","Arrah","GEN","Bihar","BJP",48.8,"M","Others",11.53,"Raj Kumar Singh",0,"Graduate Professional",48403293,0,61,-10.06,"2014","INC"
"36","Aruku","ST","Andhra Pradesh","Others",71.5,"F","INC",2.44,"Kothapalli Geetha",0,"Post Graduate",65147467,43261606,43,6.15,"2014","INC"
"37","Arunachal East","GEN","Arunachal Pradesh","INC",83.5,"M","INC",9.64,"Ninong Ering",0,"Graduate",88065000,0,55,3.94,"2014","INC"
"38","Arunachal West","GEN","Arunachal Pradesh","BJP",75.2,"M","INC",9.64,"Kiren Rijiju",0,"Graduate Professional",12539868,475000,42,3.94,"2014","INC"
"39","Asansol","GEN","West Bengal","BJP",77.7,"M","Others",8.74,"Babul Supriya Baral (BABUL SUPRIYO)",0,"Graduate",75289537,14748456,43,5.38,"2014","Others"
"40","Aska","GEN","Orissa","Others",63.6,"M","Others",5.74,"Ladu Kishore Swain",0,"Graduate",3488390,25000,66,-3.25,"2014","Others"
"41","Attingal","GEN","Kerala","Others",68.7,"M","Others",18.41,"Dr.A .Sampath",1,"Doctorate",17791149,1421392,51,4.39,"2014","Others"
"42","Aurangabad","GEN","Bihar","BJP",51.2,"M","Others",11.53,"Sushil Kumar Singh",5,"Post Graduate",127845854,7321626,62,-10.06,"2014","BJP"
"43","Aurangabad","GEN","Maharashtra","Others",61.8,"M","Others",8.78,"Chandrakant Bhaurao Khaire",8,"12th Pass",90614560,20307244,48,3.99,"2014","Others"
"44","Autonomous District","ST","Assam","INC",77.4,"M","INC",4.28,"Biren Singh Engti",0,"Post Graduate",35367390,0,74,4.59,"2014","INC"
"45","Azamgarh","GEN","Uttar Pradesh","Others",56.4,"M","BJP",0.36,"Mulayam Singh Yadav",0,"Post Graduate",159671544,0,74,2.59,"2014","INC"
"46","Badaun","GEN","Uttar Pradesh","Others",58.1,"M","Others",0.36,"Dharmendra Yadav",0,"Post Graduate",24987715,8950291,37,2.59,"2014","INC"
"47","Bagalkot","GEN","Karnataka","BJP",68.8,"M","BJP",2.12,"Gaddigoudar Parvtagouda Chandanagouda",0,"Graduate Professional",36362500,9589199,61,1.25,"2014","INC"
"48","Baghpat","GEN","Uttar Pradesh","BJP",66.7,"M","Others",0.36,"Dr. Satya Pal Singh",0,"Doctorate",67402076,352000,58,2.59,"2014","Others"
"49","Baharampur","GEN","West Bengal","INC",79.4,"M","INC",8.74,"Adhir Ranjan Chowdhury",16,"10th Pass",81465854,0,58,5.38,"2014","Others"
"50","Bahraich","SC","Uttar Pradesh","BJP",57,"F","INC",0.36,"Sadhvi Savitri Bai Foole",8,"Graduate",1121491,538145,33,2.59,"2014","Others"
"51","Balaghat","GEN","Madhya Pradesh","BJP",68.3,"M","BJP",2.15,"Bodhsingh Bhagat",0,"Graduate",24959436,1393732,58,23.28,"2014","INC"
"52","Balasore","GEN","Orissa","Others",76.8,"M","INC",5.74,"Rabindra Kumar Jena",0,"Post Graduate",570139716,55893020,46,-3.25,"2014","Others"
"53","Ballia","GEN","Uttar Pradesh","BJP",53.3,"M","Others",0.36,"Bharat Singh",3,"Graduate",21130089,1102553,62,2.59,"2014","Others"
"54","Balurghat","GEN","West Bengal","Others",84.7,"F","Others",8.74,"Arpita Ghosh",0,"Graduate",544790,0,47,5.38,"2014","Others"
"55","Banaskantha","GEN","Gujarat","BJP",58.5,"M","INC",7.12,"Chaudhary Haribhai Parthibhai",0,"Graduate",15773564,0,59,-6.96,"2014","INC"
"56","Banda","GEN","Uttar Pradesh","BJP",53.6,"M","Others",0.36,"Bhairon Prasad Mishra",3,"12th Pass",50034910,6e+05,60,2.59,"2014","Others"
"57","Bangalore Central","GEN","Karnataka","BJP",55.6,"M","BJP",2.12,"P.C. Mohan",2,"12th Pass",475796999,261111285,50,1.25,"2014","Others"
"58","Bangalore North","GEN","Karnataka","BJP",56.5,"M","BJP",2.12,"D.V Sadananda Gowda",0,"Graduate Professional",98888874,37020152,61,1.25,"2014","INC"
"59","Bangalore Rural","GEN","Karnataka","INC",66.4,"M","Others",2.12,"D K Suresh",8,"12th Pass",858713138,184854756,47,1.25,"2014","Others"
"60","Bangalore South","GEN","Karnataka","BJP",55.7,"M","BJP",2.12,"Ananth Kumar",0,"Graduate Professional",45224706,2883233,54,1.25,"2014","INC"
"61","Bangaon","SC","West Bengal","Others",83.3,"M","Others",8.74,"Kapil Krishna Thakur",0,"Graduate",9667890,0,73,5.38,"2014","Others"
"62","Banka","GEN","Bihar","Others",58,"M","Others",11.53,"Jai Prakash Narayan Yadav",2,"Post Graduate",27846274,791539,60,-10.06,"2014","BJP"
"63","Bankura","GEN","West Bengal","Others",82.2,"F","Others",8.74,"Sreemati Dev Varma (MOON MOON SEN)",0,"Post Graduate",15314000,1013000,60,5.38,"2014","Others"
"64","Bansgaon","SC","Uttar Pradesh","BJP",49.9,"M","BJP",0.36,"Kamlesh Paswan",0,"Graduate",101640625,14568500,38,2.59,"2014","Others"
"65","Banswara","ST","Rajasthan","BJP",69.2,"M","INC",3.55,"Manshankar Ninama",0,"8th Pass",4040285,870146,58,0.22,"2014","INC"
"66","Bapatla","SC","Andhra Pradesh","Others",85,"M","INC",2.44,"Malyadri Sriram",0,"Post Graduate",45359744,0,60,6.15,"2014","INC"
"67","Bara Banki","SC","Uttar Pradesh","BJP",62.1,"F","INC",0.36,"Priyanka Singh Rawat",0,"Post Graduate",13175500,1450000,28,2.59,"2014","INC"
"68","Baramati","GEN","Maharashtra","Others",58.8,"F","Others",8.78,"Supriya Sule",0,"Graduate",1139090851,0,44,3.99,"2014","Others"
"69","Baramulla","GEN","Jammu & Kashmir","Others",39.1,"M","Others",1.18,"Muzaffar Hussain Baig",0,"Post Graduate",200707183,11401285,67,4.97,"2014","Others"
"70","Barasat","GEN","West Bengal","Others",83.9,"F","Others",8.74,"Dr. Kakali Ghoshdostidar",0,"Graduate Professional",31254311,1168220,55,5.38,"2014","Others"
"71","Bardhaman Purba","SC","West Bengal","Others",86.2,"M","Others",8.74,"Sunil Kumar Mondal",0,"Graduate Professional",11841000,1420000,55,5.38,"2014","Others"
"72","Bardoli","ST","Gujarat","BJP",74.7,"M","INC",7.12,"Vasava Parbhubhai Nagarbhai",1,"Others",15909957,1353400,44,-6.96,"2014","Others"
"73","Bareilly","GEN","Uttar Pradesh","BJP",61.2,"M","INC",0.36,"Santosh Kumar Gangwar",0,"Graduate Professional",38602862,1777215,64,2.59,"2014","INC"
"74","Bargarh","GEN","Orissa","Others",78.5,"M","INC",5.74,"Prabhas Kumar Singh",0,"Doctorate",5786971,670000,50,-3.25,"2014","INC"
"75","Barmer","GEN","Rajasthan","BJP",72.7,"M","INC",3.55,"Col. Sona Ram",1,"Graduate Professional",174678454,5584331,73,0.22,"2014","INC"
"76","Barpeta","GEN","Assam","Others",84.3,"M","INC",4.28,"Siraj Uddin Ajmal",0,"Graduate",670806607,0,67,4.59,"2014","INC"
"77","Barrackpore","GEN","West Bengal","Others",81.7,"M","Others",8.74,"Dinesh Trivedi",0,"Post Graduate",53582340,15661349,63,5.38,"2014","Others"
"78","Basirhat","GEN","West Bengal","Others",85.5,"M","Others",8.74,"Idris Ali",9,"Graduate Professional",9800277,0,64,5.38,"2014","Others"
"79","Bastar","ST","Chhattisgarh","BJP",59.3,"M","BJP",6.42,"Dinesh Kashyap",1,"Post Graduate",16108199,2191216,51,2.28,"2014","INC"
"80","Basti","GEN","Uttar Pradesh","BJP",56.8,"M","Others",0.36,"Harish Chandra Alias Harish Dwivedi",2,"Post Graduate",5350882,860185,40,2.59,"2014","Others"
"81","Beed","GEN","Maharashtra","BJP",68.7,"M","BJP",8.78,"Munde Gopinathrao Pandurang",3,"Graduate Professional",380072890,335729817,66,3.99,"2014","INC"
"82","Begusarai","GEN","Bihar","BJP",60.6,"M","Others",11.53,"Bhola Singh",0,"Doctorate",25248102,0,75,-10.06,"2014","INC"
"83","Belgaum","GEN","Karnataka","BJP",68.2,"M","BJP",2.12,"Angadi Suresh Channabasappa",1,"Graduate Professional",417003065,366283849,58,1.25,"2014","INC"
"84","Bellary","ST","Karnataka","BJP",70.3,"M","BJP",2.12,"B. Sreeramulu",8,"Graduate",151392844,4050947,43,1.25,"2014","Others"
"85","Berhampur","GEN","Orissa","Others",67.9,"M","Others",5.74,"Sidhant Mohapatra",0,"Graduate",16462430,1183828,47,-3.25,"2014","Others"
"86","Betul","ST","Madhya Pradesh","BJP",65.2,"F","BJP",2.15,"Jyoti Dhurve",2,"Post Graduate",26232000,1e+06,47,23.28,"2014","INC"
"87","Bhadohi","GEN","Uttar Pradesh","BJP",53.5,"M","Others",0.36,"Virendra Singh",0,"Graduate",11531458,791186,57,2.59,"2014","Others"
"88","Bhadrak","SC","Orissa","Others",73.6,"M","Others",5.74,"Arjun Charan Sethi",0,"Post Graduate",6730000,2424000,73,-3.25,"2014","Others"
"89","Bhagalpur","GEN","Bihar","Others",57.8,"M","BJP",11.53,"Shailesh Kumar Urph Bulo Mandal",1,"12th Pass",20216734,0,38,-10.06,"2014","BJP"
"90","Bhandara - Gondiya","GEN","Maharashtra","BJP",72.3,"M","Others",8.78,"Nanabhau Falgunrao Patole",5,"Graduate",12738190,0,51,3.99,"2014","Others"
"91","Bharatpur","SC","Rajasthan","BJP",57.1,"M","INC",3.55,"Bahadur Singh",0,"Literate",19142363,1333100,56,0.22,"2014","Others"
"92","Bharuch","GEN","Gujarat","BJP",74.8,"M","BJP",7.12,"Vasava Mansukhbhai Dhanjibhai",0,"Post Graduate",6571062,639000,56,-6.96,"2014","INC"
"93","Bhatinda","GEN","Punjab","Others",77.2,"F","Others",2.55,"Harsimrat Kaur Badal",0,"10th Pass",1081664910,412634299,53.8985239852399,0.44,"2014","Others"
"94","Bhavnagar","GEN","Gujarat","BJP",57.5,"F","BJP",7.12,"Dr. Bharatiben Dhirubhai Shiyal",0,"Graduate Professional",7748925,3072058,50,-6.96,"2014","BJP"
"95","Bhilwara","GEN","Rajasthan","BJP",62.9,"M","INC",3.55,"Subhash Baheria",0,"Graduate",142870042,8665902,57,0.22,"2014","INC"
"96","Bhind","SC","Madhya Pradesh","BJP",45.6,"M","BJP",2.15,"Dr. Bhagirath Prasad",0,"Doctorate",21240286,3687610,66,23.28,"2014","BJP"
"97","Bhiwandi","GEN","Maharashtra","BJP",51.6,"M","INC",8.78,"Kapil Moreshwar Patil",0,"Graduate",363758831,10697367,53,3.99,"2014","INC"
"98","Bhiwani-Mahendragarh","GEN","Haryana","BJP",69.9,"M","INC",3.57,"Dharambir S/o Bhale Ram",0,"Graduate",50057200,4530000,59,3.18,"2014","INC"
"99","Bhongir","GEN","Telangana","Others",81.2,"M","INC",2.44,"Dr. Boora Narsaiah Goud",0,"Post Graduate",202983225,13574088,55,6.15,"2014","INC"
"100","Bhopal","GEN","Madhya Pradesh","BJP",57.8,"M","BJP",2.15,"Alok Sanjar",0,"Graduate Professional",14594066,3e+05,50,23.28,"2014","BJP"
"101","Bhubaneswar","GEN","Orissa","Others",58.4,"M","Others",5.74,"Prasanna Kumar Patasani",0,"Post Graduate",13557443,9590067,71,-3.25,"2014","Others"
"102","Bidar","GEN","Karnataka","BJP",59.9,"M","INC",2.12,"Bhagwanth Khuba",0,"Graduate Professional",56559290,16829000,46,1.25,"2014","INC"
"103","Bijapur","SC","Karnataka","BJP",59.6,"M","BJP",2.12,"Ramesh Jigajinagi",2,"Graduate",89429828,5305043,64,1.25,"2014","INC"
"104","Bijnor","GEN","Uttar Pradesh","BJP",67.9,"M","Others",0.36,"Kunwar Bhartendra",2,"Post Graduate",24840646,0,50,2.59,"2014","Others"
"105","Bikaner","SC","Rajasthan","BJP",58.4,"M","BJP",3.55,"Arjun Ram Meghwal",0,"Post Graduate",18142863,1216408,60,0.22,"2014","INC"
"106","Bilaspur","GEN","Chhattisgarh","BJP",63.1,"M","BJP",6.42,"Lakhan Lal Sahu",0,"Post Graduate",8661133,306357,43,2.28,"2014","INC"
"107","Birbhum","GEN","West Bengal","Others",85.3,"F","Others",8.74,"Satabdi Roy",0,"Graduate",54972174,5478944,45,5.38,"2014","Others"
"108","Bishnupur","SC","West Bengal","Others",86.7,"M","Others",8.74,"Khan Saumitra",1,"12th Pass",1197255,0,34,5.38,"2014","Others"
"109","Bolangir","GEN","Orissa","Others",74.9,"M","Others",5.74,"Kalikesh Narayan Singh Deo",2,"Graduate",87955818,24410449,39,-3.25,"2014","Others"
"110","Bolpur","SC","West Bengal","Others",84.8,"M","Others",8.74,"Anupam Hazra",0,"Doctorate",4866883,0,32,5.38,"2014","Others"
"111","Bulandshahr","SC","Uttar Pradesh","BJP",58.2,"M","Others",0.36,"Bhola Singh",0,"Graduate",12577537,0,38,2.59,"2014","Others"
"112","Buldhana","GEN","Maharashtra","Others",61.3,"M","Others",8.78,"Jadhav Prataprao Ganpatrao",2,"12th Pass",36033147,684092,53,3.99,"2014","Others"
"113","Burdwan - Durgapur","GEN","West Bengal","Others",84.1,"F","Others",8.74,"Dr. Mamtaz Sanghamita",0,"Post Graduate",107680000,0,68,5.38,"2014","Others"
"114","Buxar","GEN","Bihar","BJP",54.1,"M","Others",11.53,"Ashwini Kumar Choubey",0,"Graduate",22094499,1923552,61,-10.06,"2014","INC"
"115","Chalakudy","GEN","Kerala","Others",76.8,"M","INC",18.41,"Innocent",0,"8th Pass",54474761,1303000,66,4.39,"2014","INC"
"116","Chamarajanagar","SC","Karnataka","INC",72.8,"M","INC",2.12,"R. Dhruvanarayana",0,"Post Graduate",31519950,2605818,53,1.25,"2014","Others"
"117","Chandauli","GEN","Uttar Pradesh","BJP",58.8,"M","Others",0.36,"Dr Mahendra Nath Pandey",0,"Doctorate",26489505,1114000,57,2.59,"2014","Others"
"118","Chandigarh","GEN","Chandigarh","BJP",73.7,"F","INC",1.07,"Kher Kirron Anupam",0,"Post Graduate",335343871,1886187,61,-0.59,"2014","INC"
"119","Chandni Chowk","GEN","Delhi","BJP",67.8,"M","INC",1.36,"Dr. Harsh Vardhan",2,"Post Graduate",28229308,1780492,59,3.21,"2014","INC"
"120","Chandrapur","GEN","Maharashtra","BJP",63.3,"M","BJP",8.78,"Ahir Hansraj Gangaram",11,"10th Pass",15548000,99500,59,3.99,"2014","Others"
"121","Chatra","GEN","Jharkhand","BJP",54.3,"M","Others",11.62,"Sunil Kumar Singh",0,"Post Graduate",174744806,950052,52,8.3,"2014","Others"
"122","Chelvella","GEN","Telangana","Others",60.2,"M","INC",2.44,"Konda Vishweshwar Reddy",0,"Post Graduate",5286230210,74111133,54,6.15,"2014","INC"
"123","Chennai Central","GEN","Tamil Nadu","Others",61.4,"M","Others",3.11,"S.R. Vijayakumar",0,"Graduate Professional",13401510,350483,40,7.33,"2014","INC"
"124","Chennai North","GEN","Tamil Nadu","Others",64,"M","Others",3.11,"Venkatesh Babu .T.G",0,"Post Graduate",37038275,804032,53,7.33,"2014","Others"
"125","Chennai South","GEN","Tamil Nadu","Others",60.2,"M","Others",3.11,"Dr. J. Jayavardhan",0,"Graduate Professional",33959072,10981100,26,7.33,"2014","INC"
"126","Chhindwara","GEN","Madhya Pradesh","INC",79,"M","INC",2.15,"Kamal Nath",0,"Graduate",2069080434,51172087,67,23.28,"2014","INC"
"127","Chhota Udaipur","ST","Gujarat","BJP",71.6,"M","BJP",7.12,"Ramsinh Rathwa",0,"Post Graduate",39769675,9763903,62,-6.96,"2014","BJP"
"128","Chidambaram","SC","Tamil Nadu","Others",79.7,"M","Others",3.11,"Chandrakasi, M",0,"Graduate",7243646,2020472,45,7.33,"2014","Others"
"129","Chikballapur","GEN","Karnataka","INC",76.2,"M","INC",2.12,"M Veerappa Moily",0,"Graduate Professional",137366682,39433827,74,1.25,"2014","INC"
"130","Chikkodi","GEN","Karnataka","INC",74.3,"M","BJP",2.12,"Prakash Babanna Hukkeri",0,"12th Pass",75717628,3635650,67,1.25,"2014","INC"
"131","Chitradurga","SC","Karnataka","INC",66,"M","BJP",2.12,"B.N.Chandrappa",0,"Post Graduate",48303759,13800000,58,1.25,"2014","INC"
"132","Chittoor","SC","Andhra Pradesh","Others",82.6,"M","Others",2.44,"Naramalli Sivaprasad",0,"Graduate Professional",14878003,0,62,6.15,"2014","Others"
"133","Chittorgarh","GEN","Rajasthan","BJP",64.5,"M","INC",3.55,"Chandra Prakash Joshi",0,"Graduate",14134693,687284,38,0.22,"2014","Others"
"134","Churu","GEN","Rajasthan","BJP",64.5,"M","BJP",3.55,"Rahul Kaswan",0,"Graduate",25721266,5386104,37,0.22,"2014","Others"
"135","Coimbatore","GEN","Tamil Nadu","Others",68.4,"M","Others",3.11,"Nagarajan, P.",0,"Graduate Professional",34306545,2235538,52,7.33,"2014","Others"
"136","Cooch Behar","SC","West Bengal","Others",82.6,"F","Others",8.74,"Renuka Sinha",0,"Graduate Professional",13017282,0,65,5.38,"2014","Others"
"137","Cuddalore","GEN","Tamil Nadu","Others",78.9,"M","INC",3.11,"Arunmozhithevan.A",9,"Graduate Professional",15765250,0,45,7.33,"2014","Others"
"138","Cuttack","GEN","Orissa","Others",71.4,"M","Others",5.74,"Bhartruhari Mahatab",0,"Post Graduate",88834098,0,56,-3.25,"2014","Others"
"139","Dadra And Nagar Haveli","GEN","Dadra & Nagar Haveli","BJP",84.1,"M","BJP",5.32212962962963,"Patel Natubhai Gomanbhai",5,"5th Pass",154760217,62286836,41,3.23461111111111,"2014","Others"
"140","Dahod","ST","Gujarat","BJP",63.8,"M","INC",7.12,"Jasvantsinh Sumanbhai Bhabhor",0,"Graduate Professional",19661231,1741547,47,-6.96,"2014","BJP"
"141","Dakshina Kannada","GEN","Karnataka","BJP",77.1,"M","BJP",2.12,"Nalin Kumar Kateel",1,"10th Pass",8789001,1493367,48,1.25,"2014","INC"
"142","Daman And Diu","GEN","Daman & Diu","BJP",78,"M","BJP",5.32212962962963,"Patel Lalubhai Babubhai",0,"8th Pass",144931238,1234039,58,3.23461111111111,"2014","INC"
"143","Damoh","GEN","Madhya Pradesh","BJP",55.2,"M","BJP",2.15,"Prahalad Singh Patel",0,"Graduate Professional",39586235,12429302,54,23.28,"2014","BJP"
"144","Darbhanga","GEN","Bihar","BJP",55.4,"M","BJP",11.53,"Kirti Azad",4,"Graduate",28531267,431860,55,-10.06,"2014","BJP"
"145","Darjeeling","GEN","West Bengal","BJP",79.5,"M","BJP",8.74,"S.S.Ahluwalia",0,"Graduate Professional",23377223,443035,63,5.38,"2014","INC"
"146","Dausa","ST","Rajasthan","BJP",61.1,"M","Others",3.55,"Harish Chandra Meena",0,"Graduate",60394789,45000,59,0.22,"2014","Others"
"147","Davanagere","GEN","Karnataka","BJP",73.2,"M","BJP",2.12,"G M Siddeshwara",0,"10th Pass",232375703,17951455,61,1.25,"2014","INC"
"148","Deoria","GEN","Uttar Pradesh","BJP",53.8,"M","Others",0.36,"Kalraj Mishra",0,"Post Graduate",55048193,0,73,2.59,"2014","Others"
"149","Dewas","SC","Madhya Pradesh","BJP",70.7,"M","INC",2.15,"Manohar Untwal",0,"12th Pass",6336490,1448086,47,23.28,"2014","INC"
"150","Dhanbad","GEN","Jharkhand","BJP",60.5,"M","BJP",11.62,"Pashupati Nath Singh",1,"Graduate",24248150,0,65,8.3,"2014","INC"
"151","Dhar","ST","Madhya Pradesh","BJP",64.5,"F","INC",2.15,"Savitri Thakur",0,"10th Pass",9606464,1582845,35,23.28,"2014","INC"
"152","Dharmapuri","GEN","Tamil Nadu","Others",81.1,"M","Others",3.11,"Anbumani Ramadoss",8,"Graduate Professional",314378451,41941065,45,7.33,"2014","Others"
"153","Dharwad","GEN","Karnataka","BJP",65.9,"M","BJP",2.12,"Pralhad Joshi",1,"Graduate",41979658,6739989,51,1.25,"2014","INC"
"154","Dhaurahra","GEN","Uttar Pradesh","BJP",68.1,"F","INC",0.36,"Rekha",0,"12th Pass",10435468,2375000,39,2.59,"2014","INC"
"155","Dhenkanal","GEN","Orissa","Others",76.4,"M","Others",5.74,"Tathagata Satpathy",7,"Others",35434099,0,57,-3.25,"2014","Others"
"156","Dhubri","GEN","Assam","Others",88.2,"M","Others",4.28,"Badruddin Ajmal",1,"Post Graduate",432748134,0,59,4.59,"2014","Others"
"157","Dhule","GEN","Maharashtra","BJP",58.7,"M","BJP",8.78,"Dr. Bhamre Subhash Ramrao",0,"Post Graduate",125833320,660757,61,3.99,"2014","INC"
"158","Diamond Harbour","GEN","West Bengal","Others",81.1,"M","Others",8.74,"Abhishek Banerjee",0,"Post Graduate",15199272,0,26,5.38,"2014","Others"
"159","Dibrugarh","GEN","Assam","BJP",79.3,"M","INC",4.28,"Rameswar Teli",0,"10th Pass",977943,0,43,4.59,"2014","INC"
"160","Dindigul","GEN","Tamil Nadu","Others",77.4,"M","INC",3.11,"Udhaya Kumar .M",0,"Post Graduate",27810000,2800000,45,7.33,"2014","INC"
"161","Dindori","ST","Maharashtra","BJP",63.4,"M","BJP",8.78,"Chavan Harishchandra Deoram",1,"Graduate",37240147,881137,62,3.99,"2014","INC"
"162","Domariyaganj","GEN","Uttar Pradesh","BJP",53.1,"M","INC",0.36,"Jagdambika Pal",0,"Post Graduate",17822082,4981555,64,2.59,"2014","INC"
"163","Dum Dum","GEN","West Bengal","Others",80.6,"M","Others",8.74,"Saugata Roy",0,"Post Graduate",19452010,2500000,66,5.38,"2014","Others"
"164","Dumka","ST","Jharkhand","Others",72.4,"M","Others",11.62,"Shibu Soren",0,"10th Pass",46760684,1479721,68,8.3,"2014","Others"
"165","Durg","GEN","Chhattisgarh","INC",67.8,"M","BJP",6.42,"Tamradhwaj Sahu",0,"12th Pass",21002226,1777720,65,2.28,"2014","INC"
"166","East Delhi","GEN","Delhi","BJP",65.4,"M","INC",1.36,"Maheish Girri",1,"10th Pass",5216375,4e+05,39,3.21,"2014","INC"
"167","Eluru","GEN","Andhra Pradesh","Others",84.2,"M","INC",2.44,"Maganti Venkateswara Rao (BABU)",2,"10th Pass",129394729,55294433,54,6.15,"2014","INC"
"168","Ernakulam","GEN","Kerala","INC",73.6,"M","INC",18.41,"Prof. K.V. Thomas",0,"Post Graduate",11848550,522352,67,4.39,"2014","INC"
"169","Erode","GEN","Tamil Nadu","Others",76.3,"M","Others",3.11,"Selvakumara Chinnayan S",0,"Post Graduate",47459708,0,55,7.33,"2014","Others"
"170","Etah","GEN","Uttar Pradesh","BJP",58.7,"M","Others",0.36,"Rajveer Singh (RAJU BHAIYA)",0,"Graduate Professional",251921157,46898091,53,2.59,"2014","Others"
"171","Etawah","SC","Uttar Pradesh","BJP",55,"M","Others",0.36,"Ashok Kumar Doharey",0,"Graduate",12252688,0,43,2.59,"2014","Others"
"172","Faizabad","GEN","Uttar Pradesh","BJP",58.8,"M","INC",0.36,"Lallu Singh",1,"Post Graduate",15127861,3640964,59,2.59,"2014","INC"
"173","Faridabad","GEN","Haryana","BJP",65,"M","INC",3.57,"Krishan Pal",0,"Graduate Professional",296440144,19707475,57,3.18,"2014","INC"
"174","Faridkot","SC","Punjab","Others",70.9,"M","Others",2.55,"Prof. Sadhu Singh",0,"Post Graduate",5879516,70000,72,0.44,"2014","Others"
"175","Farrukhabad","GEN","Uttar Pradesh","BJP",60.2,"M","INC",0.36,"Mukesh Rajput",0,"Graduate",26178100,151603,45,2.59,"2014","INC"
"176","Fatehgarh Sahib","SC","Punjab","Others",73.8,"M","INC",2.55,"Harinder Singh Khalsa",0,"Post Graduate",35588128,6700000,67,0.44,"2014","INC"
"177","Fatehpur","GEN","Uttar Pradesh","BJP",58.6,"F","Others",0.36,"Niranjan Jyoti",1,"12th Pass",3763779,176616,47,2.59,"2014","Others"
"178","Fatehpur Sikri","GEN","Uttar Pradesh","BJP",61.2,"M","Others",0.36,"Babulal",3,"12th Pass",73028848,16390000,66,2.59,"2014","Others"
"179","Ferozpur","GEN","Punjab","Others",72.6,"M","Others",2.55,"Sher Singh Ghubaya",0,"10th Pass",96121057,14936426.3216266,51,0.44,"2014","Others"
"180","Firozabad","GEN","Uttar Pradesh","Others",67.5,"M","Others",0.36,"Akshay Yadav",0,"Graduate",100883304,59377,27,2.59,"2014","Others"
"181","Gadchiroli-Chimur","ST","Maharashtra","BJP",69.9,"M","INC",8.78,"Ashok Mahadeorao Nete",0,"12th Pass",12125676,5830550,50,3.99,"2014","INC"
"182","Gandhinagar","GEN","Gujarat","BJP",65.5,"M","BJP",7.12,"L.K.Advani",1,"Graduate Professional",75915276,0,86,-6.96,"2014","BJP"
"183","Ganganagar","SC","Rajasthan","BJP",73.1,"M","INC",3.55,"Nihalchand",0,"Graduate",10861172,1611557,43,0.22,"2014","Others"
"184","Garhwal","GEN","Uttarakhand","BJP",53.7,"M","INC",6.3,"(MAJ GEN (RETD.) ) BHUWAN CHANDRA KHANDURI (AVSM)",0,"Graduate Professional",44357368,0,79,4.12,"2014","INC"
"185","Gauhati","GEN","Assam","BJP",78.6,"F","BJP",4.28,"Bijoya Chakravarty",0,"Post Graduate",12574493,0,75,4.59,"2014","INC"
"186","Gautam Buddh Nagar","GEN","Uttar Pradesh","BJP",60.4,"M","Others",0.36,"Dr.Mahesh Sharma",0,"Graduate Professional",473797545,40905738,54,2.59,"2014","Others"
"187","Gaya","SC","Bihar","BJP",53.9,"M","BJP",11.53,"Hari Manjhi",1,"8th Pass",10184120,2e+06,51,-10.06,"2014","BJP"
"188","Ghatal","GEN","West Bengal","Others",84.9,"M","Others",8.74,"Adhikari Deepak (DEV)",0,"10th Pass",152447159,17493227,32,5.38,"2014","Others"
"189","Ghaziabad","GEN","Uttar Pradesh","BJP",56.9,"M","BJP",0.36,"Vijay Kumar Singh",2,"Doctorate",41137044,2026774,62,2.59,"2014","INC"
"190","Ghazipur","GEN","Uttar Pradesh","BJP",54.8,"M","Others",0.36,"Manoj Sinha",0,"Graduate Professional",23376901,118700,55,2.59,"2014","Others"
"191","Ghosi","GEN","Uttar Pradesh","BJP",55,"M","Others",0.36,"Harinarayan Rajbhar",0,"Literate",23403964,0,73,2.59,"2014","Others"
"192","Giridih","GEN","Jharkhand","BJP",64,"M","BJP",11.62,"Ravindra Kumar Pandey",0,"Graduate",73376970,1970628,55,8.3,"2014","INC"
"193","Godda","GEN","Jharkhand","BJP",66,"M","BJP",11.62,"Nishikant Dubey",5,"Post Graduate",155633719,0,42,8.3,"2014","INC"
"194","Gonda","GEN","Uttar Pradesh","BJP",51.1,"M","INC",0.36,"Kirti Vardhan Singh",0,"Post Graduate",74738429,9275782,48,2.59,"2014","INC"
"195","Gopalganj","SC","Bihar","BJP",54.7,"M","Others",11.53,"Janak Ram",2,"Post Graduate",10582664,1039000,42,-10.06,"2014","BJP"
"196","Gorakhpur","GEN","Uttar Pradesh","BJP",54.6,"M","BJP",0.36,"Adityanath",3,"Graduate",7217674,0,41,2.59,"2014","Others"
"197","Gulbarga","SC","Karnataka","INC",57.9,"M","INC",2.12,"Mallikarjun Kharge",0,"Graduate Professional",102220880,7410154,72,1.25,"2014","INC"
"198","Guna","GEN","Madhya Pradesh","INC",60.8,"M","INC",2.15,"Jyotiraditya M Scindia",0,"Post Graduate",330888751,795000,42,23.28,"2014","INC"
"199","Guntur","GEN","Andhra Pradesh","Others",79.2,"M","INC",2.44,"Jayadev Galla",0,"Graduate",6830581361,202334283,48,6.15,"2014","INC"
"200","Gurdaspur","GEN","Punjab","BJP",69.5,"M","INC",2.55,"Vinod Khanna",0,"Graduate",669343376,12695306,68,0.44,"2014","INC"
"201","Gurgaon","GEN","Haryana","BJP",71.6,"M","INC",3.57,"Inderjit Singh Rao",0,"Graduate Professional",250698763,0,64,3.18,"2014","INC"
"202","Gwalior","GEN","Madhya Pradesh","BJP",52.8,"M","BJP",2.15,"Narendra Singh Tomar",1,"Graduate",11412622,4531444,56,23.28,"2014","BJP"
"203","Hajipur","SC","Bihar","Others",54.9,"M","Others",11.53,"Ramvilas Paswan",2,"Post Graduate",9642023,0,67,-10.06,"2014","BJP"
"204","Hamirpur","GEN","Himachal Pradesh","BJP",66.9,"M","BJP",2.43,"Anurag Singh Thakur",10,"Graduate",46535803,2074555,39,13.35,"2014","INC"
"205","Hamirpur","GEN","Uttar Pradesh","BJP",56.1,"M","Others",0.36,"Kunwar Pushpendra Singh Chandel",1,"Post Graduate",71265181,2825539,40,2.59,"2014","Others"
"206","Hardoi","SC","Uttar Pradesh","BJP",56.8,"M","Others",0.36,"Anshul Verma",0,"Post Graduate",30385000,0,39,2.59,"2014","Others"
"207","Hardwar","GEN","Uttarakhand","BJP",71.6,"M","INC",6.3,"Ramesh Pokhriyal Nishank",1,"Doctorate",17917274,1860684,54,4.12,"2014","INC"
"208","Hassan","GEN","Karnataka","Others",73.5,"M","Others",2.12,"H.D. Devegowda",0,"Others",42721242,8648283,81,1.25,"2014","Others"
"209","Hathras","SC","Uttar Pradesh","BJP",59.7,"M","Others",0.36,"Rajesh Kumar Diwaker",0,"Graduate Professional",5651457,0,43,2.59,"2014","Others"
"210","Hatkanangle","GEN","Maharashtra","Others",72.9,"M","Others",8.78,"Raju Shetty",12,"10th Pass",9896221,1504152,46,3.99,"2014","Others"
"211","Haveri","GEN","Karnataka","BJP",71.6,"M","BJP",2.12,"Udasi Shivakumar Channabasappa",0,"Graduate",576693538,54423645,47,1.25,"2014","INC"
"212","Hazaribagh","GEN","Jharkhand","BJP",63.7,"M","BJP",11.62,"Jayant Sinha",0,"Post Graduate",556754579,86380600,50,8.3,"2014","INC"
"213","Hindupur","GEN","Andhra Pradesh","Others",81.4,"M","Others",2.44,"Kristappa Nimmala",2,"Graduate",35793637,998480,57,6.15,"2014","Others"
"214","Hingoli","GEN","Maharashtra","INC",66.3,"M","Others",8.78,"Rajeev Shankarrao Satav",0,"Graduate Professional",49681499,584357,39,3.99,"2014","Others"
"215","Hisar","GEN","Haryana","Others",76.2,"M","Others",3.57,"Dushyant Chautala",0,"Graduate",361326990,68744460,26,3.18,"2014","Others"
"216","Hooghly","GEN","West Bengal","Others",82.8,"F","Others",8.74,"Dr. Ratna De (NAG)",0,"Graduate Professional",18617757,0,62,5.38,"2014","Others"
"217","Hoshangabad","GEN","Madhya Pradesh","BJP",65.8,"M","INC",2.15,"Uday Pratap Singh",1,"Graduate",133375092,3775714,49,23.28,"2014","INC"
"218","Hoshiarpur","SC","Punjab","BJP",64.7,"M","INC",2.55,"Vijay Sampla",0,"10th Pass",15164322,4020543,52,0.44,"2014","INC"
"219","Howrah","GEN","West Bengal","Others",74.8,"M","Others",8.74,"Prasun Banerjee",0,"Graduate",10041098,0,59,5.38,"2014","Others"
"220","Hyderabad","GEN","Telangana","Others",53.3,"M","Others",2.44,"Asaduddin Owaisi",4,"Graduate Professional",40611099,1.4e+07,43,6.15,"2014","Others"
"221","Idukki","GEN","Kerala","Others",70.8,"M","INC",18.41,"Adv.Joice George",4,"Post Graduate",17396207,9417720,44,4.39,"2014","INC"
"222","Indore","GEN","Madhya Pradesh","BJP",62.3,"F","BJP",2.15,"Sumitra Mahajan (TAI)",0,"Post Graduate",18732234,3539000,70,23.28,"2014","BJP"
"223","Inner Manipur","GEN","Manipur","INC",74.9,"M","INC",1.98,"Dr. Thokchom Meinya",0,"Doctorate",3825200,0,69,2.61,"2014","INC"
"224","Jabalpur","GEN","Madhya Pradesh","BJP",58.6,"M","BJP",2.15,"Rakesh Singh",1,"Graduate",26564889,0,53,23.28,"2014","BJP"
"225","Jadavpur","GEN","West Bengal","Others",79.7,"M","Others",8.74,"Sugata Bose",0,"Doctorate",46315770,0,57,5.38,"2014","Others"
"226","Jagatsinghpur","SC","Orissa","Others",75.5,"M","Others",5.74,"Kulamani Samal",0,"Graduate Professional",25158570,0,65,-3.25,"2014","Others"
"227","Jahanabad","GEN","Bihar","Others",57,"M","Others",11.53,"Dr. Arun Kumar",1,"Doctorate",38846631,1e+06,55,-10.06,"2014","BJP"
"228","Jaipur","GEN","Rajasthan","BJP",66.2,"M","INC",3.55,"Ramcharan Bohara",0,"12th Pass",135809546,23871000,56,0.22,"2014","Others"
"229","Jaipur Rural","GEN","Rajasthan","BJP",59.7,"M","INC",3.55,"Rajyavardhan Singh Rathore",0,"Graduate",83734044,117065,44,0.22,"2014","INC"
"230","Jajpur","SC","Orissa","Others",75.2,"F","Others",5.74,"Rita Tarai",0,"12th Pass",1622003,0,37,-3.25,"2014","Others"
"231","Jalandhar","SC","Punjab","INC",67.1,"M","INC",2.55,"Santokh Singh Chaudhary",0,"Graduate Professional",104040531,6194323,67,0.44,"2014","INC"
"232","Jalaun","SC","Uttar Pradesh","BJP",58.3,"M","Others",0.36,"Bhanu Pratap Singh Verma",0,"Post Graduate",5774068,650000,55,2.59,"2014","Others"
"233","Jalgaon","GEN","Maharashtra","BJP",58,"M","BJP",8.78,"A.T. Nana Patil",0,"Graduate",226180395,0,52,3.99,"2014","INC"
"234","Jalna","GEN","Maharashtra","BJP",66.1,"M","BJP",8.78,"Danve Raosaheb Dadarao",4,"Graduate",184411862,8534130,60,3.99,"2014","INC"
"235","Jalore","GEN","Rajasthan","BJP",59.6,"M","BJP",3.55,"Devji Patel",0,"10th Pass",51846777,12780726,37,0.22,"2014","INC"
"236","Jalpaiguri","SC","West Bengal","Others",85,"M","Others",8.74,"Bijoy Chandra Barman",0,"Post Graduate",9396430,797019,57,5.38,"2014","Others"
"237","Jammu","GEN","Jammu & Kashmir","BJP",67.8,"M","INC",1.18,"Jugal Kishore",0,"10th Pass",26824308,3e+05,51,4.97,"2014","INC"
"238","Jamnagar","GEN","Gujarat","BJP",58,"F","INC",7.12,"Poonamben Hematbhai Maadam",0,"Graduate",174372249,62824615,39,-6.96,"2014","BJP"
"239","Jamshedpur","GEN","Jharkhand","BJP",66.3,"M","BJP",11.62,"Bidyut Baran Mahato",8,"12th Pass",16027526,715347,51,8.3,"2014","Others"
"240","Jamui","SC","Bihar","Others",50,"M","Others",11.53,"Chirag Kumar Paswan",0,"12th Pass",10414470,4458954,32,-10.06,"2014","BJP"
"241","Jangipur","GEN","West Bengal","INC",80.4,"M","INC",8.74,"Abhijit Mukherjee",0,"Graduate Professional",63014502,15160000,54,5.38,"2014","INC"
"242","Janjgir-Champa","SC","Chhattisgarh","BJP",61.8,"F","BJP",6.42,"Kamla Patle",0,"12th Pass",18224350,0,48,2.28,"2014","Others"
"243","Jaunpur","GEN","Uttar Pradesh","BJP",54.5,"M","Others",0.36,"Krishna Pratap 'k.P.'",0,"Doctorate",40656909,4673939,37,2.59,"2014","Others"
"244","Jhalawar-Baran","GEN","Rajasthan","BJP",68.7,"M","BJP",3.55,"Dushyant Singh",0,"Post Graduate",239006838,2798782,43,0.22,"2014","INC"
"245","Jhanjharpur","GEN","Bihar","BJP",57,"M","Others",11.53,"Birendra Kumar Chaudhary",0,"Post Graduate",5158792,0,60,-10.06,"2014","INC"
"246","Jhansi","GEN","Uttar Pradesh","BJP",68.4,"F","INC",0.36,"Uma Bharati",13,"5th Pass",14376218,0,55,2.59,"2014","Others"
"247","Jhargram","ST","West Bengal","Others",85.3,"F","Others",8.74,"Uma Saren",0,"Graduate Professional",499646,0,29,5.38,"2014","Others"
"248","Jhunjhunu","GEN","Rajasthan","BJP",59.3,"F","INC",3.55,"Santosh Ahlawat",0,"Post Graduate",35897048,5704000,57,0.22,"2014","INC"
"249","Jodhpur","GEN","Rajasthan","BJP",62.4,"M","INC",3.55,"Gajendrasingh Shekhawat",0,"Post Graduate",143491494,92198588,48,0.22,"2014","INC"
"250","Jorhat","GEN","Assam","BJP",75.5,"M","INC",4.28,"Kamakhya Prasad Tasa",0,"Post Graduate",1694785,0,38,4.59,"2014","INC"
"251","Joynagar","SC","West Bengal","Others",81.3,"F","Others",8.74,"Pratima Mondal",0,"Post Graduate",10614252,0,48,5.38,"2014","Others"
"252","Junagadh","GEN","Gujarat","BJP",63.4,"M","BJP",7.12,"Chudasama Rajeshbhai Naranbhai",1,"12th Pass",7446059,1110690,31,-6.96,"2014","Others"
"253","Kachchh","SC","Gujarat","BJP",61.7,"M","BJP",7.12,"Chavda Vinod Lakhamashi",0,"Graduate Professional",5618643,411255,35,-6.96,"2014","INC"
"254","Kadapa","GEN","Andhra Pradesh","Others",77.4,"M","INC",2.44,"Y.S. Avinash Reddy",1,"Post Graduate",70480623,5547296,29,6.15,"2014","INC"
"255","Kairana","GEN","Uttar Pradesh","BJP",73.1,"M","Others",0.36,"Hukum Singh",2,"Graduate Professional",29078847,2941671,75,2.59,"2014","Others"
"256","Kaiserganj","GEN","Uttar Pradesh","BJP",55.1,"M","Others",0.36,"Brij Bhusan Sharan Singh",2,"Graduate Professional",61696767,11556027,57,2.59,"2014","Others"
"257","Kakinada","GEN","Andhra Pradesh","Others",77.6,"M","INC",2.44,"Thota Narasimham",0,"Graduate",17495976,120000,53,6.15,"2014","INC"
"258","Kalahandi","GEN","Orissa","Others",75.8,"M","INC",5.74,"Arka Keshari Deo",0,"Graduate",69822063,831688,35,-3.25,"2014","Others"
"259","Kaliabor","GEN","Assam","INC",80,"M","INC",4.28,"Gourav Gogoi",0,"Post Graduate",5473199,1042133,31,4.59,"2014","INC"
"260","Kallakurichi","GEN","Tamil Nadu","Others",78.4,"M","Others",3.11,"Kamaraj. K",0,"Post Graduate",35459256,544099,48,7.33,"2014","INC"
"261","Kalyan","GEN","Maharashtra","Others",42.9,"M","Others",8.78,"Dr.Shrikant Eknath Shinde",0,"Graduate Professional",998000,0,27,3.99,"2014","Others"
"262","Kancheepuram","SC","Tamil Nadu","Others",76.2,"F","INC",3.11,"Maragatham K",0,"12th Pass",18949050,4468600,32,7.33,"2014","INC"
"263","Kandhamal","GEN","Orissa","Others",73.4,"M","Others",5.74,"Hemendra Chandra Singh",2,"Graduate",503907437,4786551,46,-3.25,"2014","Others"
"264","Kangra","GEN","Himachal Pradesh","BJP",63.5,"M","BJP",2.43,"Shanta Kumar",0,"Graduate Professional",19852104,0,79,13.35,"2014","INC"
"265","Kanker","ST","Chhattisgarh","BJP",70.2,"M","BJP",6.42,"Vikram Dev Usendi",0,"10th Pass",23376000,869000,48,2.28,"2014","INC"
"266","Kannauj","GEN","Uttar Pradesh","Others",61.6,"F","Others",0.36,"Dimple Yadav",0,"Graduate",280516418,6917710,36,2.59,"2014","Others"
"267","Kanniyakumari","GEN","Tamil Nadu","BJP",67.5,"M","Others",3.11,"Radhakrishnan P.",0,"Graduate Professional",40963269,0,62,7.33,"2014","Others"
"268","Kannur","GEN","Kerala","Others",80.9,"F","INC",18.41,"P K Sreemathi Teacher",8,"Others",16939970,0,64,4.39,"2014","Others"
"269","Kanpur","GEN","Uttar Pradesh","BJP",51.8,"M","INC",0.36,"Dr.Murli Manohar Joshi",1,"Doctorate",78410008,0,80,2.59,"2014","INC"
"270","Kanthi","GEN","West Bengal","Others",86.6,"M","Others",8.74,"Adhikari Sisir Kumar",1,"12th Pass",19498381,0,74,5.38,"2014","Others"
"271","Karakat","GEN","Bihar","Others",50.3,"M","Others",11.53,"Upendra Kushwaha",4,"Post Graduate",24829741,823834,51,-10.06,"2014","BJP"
"272","Karauli-Dholpur","SC","Rajasthan","BJP",54.6,"M","INC",3.55,"Manoj Rajoria",0,"Post Graduate",28636113,3277324,43,0.22,"2014","INC"
"273","Karimganj","SC","Assam","Others",76.1,"M","INC",4.28,"Radheshyam Biswas",0,"12th Pass",7068281,0,59,4.59,"2014","Others"
"274","Karimnagar","GEN","Telangana","Others",72.6,"M","INC",2.44,"Vinod Kumar Boinapally",0,"Graduate Professional",97275990,0,54,6.15,"2014","INC"
"275","Karnal","GEN","Haryana","BJP",70.9,"M","INC",3.57,"Ashwini Kumar",6,"Graduate",698638135,153937858,57,3.18,"2014","Others"
"276","Karur","GEN","Tamil Nadu","Others",80.6,"M","Others",3.11,"Thambidurai,m.",2,"Doctorate",132457262,51481886,67,7.33,"2014","Others"
"277","Kasaragod","GEN","Kerala","Others",78.3,"M","Others",18.41,"P Karunakaran",6,"Post Graduate",5900345,0,69,4.39,"2014","Others"
"278","Katihar","GEN","Bihar","Others",67.6,"M","BJP",11.53,"Tariq Anwar",1,"Graduate",104600951,20454853,63,-10.06,"2014","BJP"
"279","Kaushambi","SC","Uttar Pradesh","BJP",52.3,"M","Others",0.36,"Vinod Kumar Sonkar",0,"Graduate",27091681,10932227,44,2.59,"2014","Others"
"280","Kendrapara","GEN","Orissa","Others",73.4,"M","Others",5.74,"Baijayant Panda",0,"Graduate Professional",312432726,3e+05,50,-3.25,"2014","Others"
"281","Keonjhar","ST","Orissa","Others",80.5,"F","Others",5.74,"Sakuntala Laguri",0,"10th Pass",101531625,0,34,-3.25,"2014","Others"
"282","Khadoor Sahib","GEN","Punjab","Others",66.6,"M","Others",2.55,"Ranjit Singh Brahmpura",0,"8th Pass",177814755,4200000,76,0.44,"2014","Others"
"283","Khagaria","GEN","Bihar","Others",60.1,"M","Others",11.53,"Choudhary Mahboob Ali Kaiser",1,"Graduate",66569502,0,47,-10.06,"2014","BJP"
"284","Khajuraho","GEN","Madhya Pradesh","BJP",51.4,"M","BJP",2.15,"Nagendra Singh",0,"Graduate",44538002,0,72,23.28,"2014","INC"
"285","Khammam","GEN","Telangana","Others",82.1,"M","Others",2.44,"Ponguleti Srinivasa Reddy",0,"12th Pass",346150516,1240000,48,6.15,"2014","INC"
"286","Khandwa","GEN","Madhya Pradesh","BJP",71.5,"M","INC",2.15,"Nandkumar Singh Chouhan (NANDU BHAIYA)",0,"Post Graduate",40188989,9561188,55,23.28,"2014","INC"
"287","Khargone","ST","Madhya Pradesh","BJP",67.7,"M","BJP",2.15,"Subhash Patel",0,"Post Graduate",36138699,2300000,36,23.28,"2014","INC"
"288","Kheda","GEN","Gujarat","BJP",59.8,"M","INC",7.12,"Chauhan Devusinh Jesingbhai (CHAUHAN DEVUSINH)",0,"12th Pass",9426376,1047919,49,-6.96,"2014","BJP"
"289","Kheri","GEN","Uttar Pradesh","BJP",64.2,"M","INC",0.36,"Ajay Kumar",2,"Graduate Professional",26505977,1e+07,55,2.59,"2014","INC"
"290","Khunti","ST","Jharkhand","BJP",66.3,"M","BJP",11.62,"Karia Munda",0,"Post Graduate",7474796,0,77,8.3,"2014","INC"
"291","Kishanganj","GEN","Bihar","INC",64.5,"M","INC",11.53,"Mohammad Asrarul Haque",2,"Post Graduate",4616629,0,67,-10.06,"2014","BJP"
"292","Kodarma","GEN","Jharkhand","BJP",62.5,"M","Others",11.62,"Ravindra Kr. Ray",0,"Doctorate",10564046,2e+05,50,8.3,"2014","Others"
"293","Kokrajhar","ST","Assam","Others",81.3,"M","Others",4.28,"Naba Kumar Sarania (HIRA)",3,"12th Pass",2155559,0,45,4.59,"2014","Others"
"294","Kolar","SC","Karnataka","INC",75.5,"M","INC",2.12,"K.H.Muniyappa",0,"Graduate Professional",184663000,27863000,67,1.25,"2014","INC"
"295","Kolhapur","GEN","Maharashtra","Others",71.7,"M","Others",8.78,"Dhananjay Bhimrao Mahadik",1,"Graduate",448882000,71333000,42,3.99,"2014","Others"
"296","Kolkata Dakshin","GEN","West Bengal","Others",69.3,"M","Others",8.74,"Subrata Bakshi",0,"Graduate Professional",10265428,168891,64,5.38,"2014","Others"
"297","Kolkata Uttar","GEN","West Bengal","Others",66.7,"M","Others",8.74,"Sudip Bandyopadhyay",1,"Graduate",22086278,450000,62,5.38,"2014","Others"
"298","Kollam","GEN","Kerala","Others",72.1,"M","INC",18.41,"N.K.Premachandran",1,"Graduate Professional",16228989,3114638,53,4.39,"2014","INC"
"299","Koppal","GEN","Karnataka","BJP",65.6,"M","BJP",2.12,"Karadi Sanganna Amarappa",1,"10th Pass",12127000,6848000,59,1.25,"2014","INC"
"300","Koraput","ST","Orissa","Others",76.1,"M","Others",5.74,"Jhina Hikaka",0,"Post Graduate",8800000,0,39,-3.25,"2014","Others"
"301","Korba","GEN","Chhattisgarh","BJP",74.2,"M","INC",6.42,"Dr. Banshilal Mahto",0,"Graduate Professional",72303762,382905,73,2.28,"2014","INC"
"302","Kota","GEN","Rajasthan","BJP",66.2,"M","INC",3.55,"Om Birla",2,"Post Graduate",25870497,997366,51,0.22,"2014","INC"
"303","Kottayam","GEN","Kerala","Others",71.6,"M","Others",18.41,"Jose K. Mani",0,"Post Graduate",26236371,0,49,4.39,"2014","Others"
"304","Kozhikode","GEN","Kerala","INC",79.8,"M","INC",18.41,"M .K Raghavan",0,"Graduate",6164901,1558128,61,4.39,"2014","INC"
"305","Krishnagiri","GEN","Tamil Nadu","Others",77.4,"M","Others",3.11,"Ashok Kumar.K",3,"10th Pass",1176436,0,60,7.33,"2014","Others"
"306","Krishnanagar","GEN","West Bengal","Others",84.5,"M","Others",8.74,"Tapas Paul",4,"Graduate",27829669,0,57,5.38,"2014","Others"
"307","Kurnool","GEN","Andhra Pradesh","Others",71.9,"F","INC",2.44,"Butta Renuka",1,"10th Pass",2426240513,312279927,42,6.15,"2014","INC"
"308","Kurukshetra","GEN","Haryana","BJP",75.8,"M","INC",3.57,"Raj Kumar Saini",0,"Graduate",132880476,23262108,60,3.18,"2014","INC"
"309","Kushi Nagar","GEN","Uttar Pradesh","BJP",56.5,"M","INC",0.36,"Rajesh Pandey Urf Guddu",0,"Graduate",110407014,1107357,55,2.59,"2014","INC"
"310","Ladakh","GEN","Jammu & Kashmir","BJP",70.8,"M","Others",1.18,"Thupstan Chhewang",0,"Graduate Professional",19852701,80000,67,4.97,"2014","Others"
"311","Lakhimpur","GEN","Assam","BJP",77.7,"M","INC",4.28,"Sarbananda Sonowal",0,"Graduate Professional",14497515,0,52,4.59,"2014","INC"
"312","Lakshadweep","ST","Lakshadweep","Others",86.6,"M","INC",5.32212962962963,"Mohammed Faizal P.P.",3,"Post Graduate",538119,0,38,3.23461111111111,"2014","Others"
"313","Lalganj","SC","Uttar Pradesh","BJP",54.1,"F","Others",0.36,"Neelam Sonkar",1,"Post Graduate",33863562,2631312,38,2.59,"2014","Others"
"314","Latur","SC","Maharashtra","BJP",62.8,"M","INC",8.78,"Dr. Sunil Baliram Gaikwad",0,"Doctorate",17463251,0,43,3.99,"2014","INC"
"315","Lohardaga","ST","Jharkhand","BJP",58.2,"M","BJP",11.62,"Sudarshan Bhagat",0,"Graduate",9031009,178967,45,8.3,"2014","INC"
"316","Lucknow","GEN","Uttar Pradesh","BJP",53,"M","BJP",0.36,"Raj Nath Singh",0,"Post Graduate",29240729,0,62,2.59,"2014","INC"
"317","Ludhiana","GEN","Punjab","INC",70.5,"M","INC",2.55,"Ravneet Singh Bittu",0,"12th Pass",31509170,192000,38,0.44,"2014","Others"
"318","Machhlishahr","SC","Uttar Pradesh","BJP",52.7,"M","Others",0.36,"Ram Charitra Nishad",0,"12th Pass",8641278,0,46,2.59,"2014","Others"
"319","Machilipatnam","GEN","Andhra Pradesh","Others",83.3,"M","Others",2.44,"Konakalla Narayana Rao",0,"12th Pass",34850000,9800000,64,6.15,"2014","Others"
"320","Madha","GEN","Maharashtra","Others",62.5,"M","Others",8.78,"Mohite Patil Vijaysinh Shankarrao",1,"10th Pass",170253390,9774791,69,3.99,"2014","Others"
"321","Madhepura","GEN","Bihar","Others",60,"M","Others",11.53,"Rajesh Ranjan @ Pappu Yadav",24,"Graduate",81242966,956306,46,-10.06,"2014","Others"
"322","Madhubani","GEN","Bihar","BJP",52.9,"M","BJP",11.53,"Hukm Deo Narayan Yadav",0,"Graduate",77978890,0,77,-10.06,"2014","BJP"
"323","Madurai","GEN","Tamil Nadu","Others",67.9,"M","Others",3.11,"R.Gopalakrishnan",0,"Graduate",72503060,7406366,45,7.33,"2014","Others"
"324","Mahabubabad","ST","Telangana","Others",81,"M","INC",2.44,"Prof. Azmeera Seetaram Naik",0,"Doctorate",8008000,4100000,56,6.15,"2014","INC"
"325","Maharajganj","GEN","Bihar","BJP",51.5,"M","INC",11.53,"Janardan Singh Sigriwal",0,"12th Pass",191819151,2151048,44,-10.06,"2014","INC"
"326","Maharajganj","GEN","Uttar Pradesh","BJP",60.6,"M","Others",0.36,"Pankaj",4,"Graduate",4795223,14000,50,2.59,"2014","Others"
"327","Mahasamund","GEN","Chhattisgarh","BJP",74.6,"M","BJP",6.42,"Chandu Lal Sahu (CHANDU BHAIYA)",0,"Graduate Professional",20879652,2700000,54,2.28,"2014","INC"
"328","Mahbubnagar","GEN","Telangana","Others",71.5,"M","Others",2.44,"Ap Jithender Reddy",4,"Graduate",140831576,1386969,60,6.15,"2014","Others"
"329","Mahesana","GEN","Gujarat","BJP",67,"F","BJP",7.12,"Patel Jayshreeben Kanubhai",0,"10th Pass",13278493,1814057,55,-6.96,"2014","BJP"
"330","Mainpuri","GEN","Uttar Pradesh","Others",60.5,"M","Others",0.36,"Mulayam Singh Yadav",0,"Post Graduate",159671544,0,74,2.59,"2014","Others"
"331","Malappuram","GEN","Kerala","Others",71.2,"M","Others",18.41,"E. Ahamed",0,"Graduate Professional",11818952,0,76,4.39,"2014","INC"
"332","Maldaha Dakshin","GEN","West Bengal","INC",81.1,"M","INC",8.74,"Abu Hasem Khan Chowdhury",0,"Doctorate",11560825,654320,70,5.38,"2014","INC"
"333","Maldaha Uttar","GEN","West Bengal","INC",81.6,"F","INC",8.74,"Mausam Noor",0,"Graduate Professional",9778222,28534,34,5.38,"2014","INC"
"334","Malkajgiri","GEN","Telangana","Others",50.9,"M","INC",2.44,"Ch.Malla Reddy",0,"12th Pass",488525332,6328146,56,6.15,"2014","INC"
"335","Mandi","GEN","Himachal Pradesh","BJP",63.1,"M","INC",2.43,"Ram Swaroop Sharma",0,"10th Pass",10178871,571823,55,13.35,"2014","INC"
"336","Mandla","ST","Madhya Pradesh","BJP",66.8,"M","INC",2.15,"Faggan Singh Kulaste",2,"Post Graduate",25738420,98311,54,23.28,"2014","INC"
"337","Mandsour","GEN","Madhya Pradesh","BJP",71.4,"M","INC",2.15,"Sudhir Gupta",0,"Post Graduate",57429237,3058993,54,23.28,"2014","INC"
"338","Mandya","GEN","Karnataka","Others",71.5,"M","Others",2.12,"C.S.Puttaraju",0,"12th Pass",45209196,11231000,50,1.25,"2014","Others"
"339","Mangaldoi","GEN","Assam","BJP",81.4,"M","BJP",4.28,"Ramen Deka",0,"Graduate",14782357,5400953,59,4.59,"2014","INC"
"340","Mathura","GEN","Uttar Pradesh","BJP",64,"F","Others",0.36,"Hema Malini",0,"Doctorate",1782015620,231234174,65,2.59,"2014","Others"
"341","Mathurapur","SC","West Bengal","Others",85,"M","Others",8.74,"Choudhury Mohan Jatua",0,"Post Graduate",4857752,0,75,5.38,"2014","Others"
"342","Maval","GEN","Maharashtra","Others",60.1,"M","Others",8.78,"Appa Alias Shrirang Chandu Barne",2,"8th Pass",665047926,11799786,50,3.99,"2014","Others"
"343","Mavelikara","SC","Kerala","INC",71,"M","INC",18.41,"Kodikunnil Suresh",1,"Graduate Professional",13251330,3439654,52,4.39,"2014","INC"
"344","Mayiladuthurai","GEN","Tamil Nadu","Others",76,"M","Others",3.11,"Bharathi Mohan R.K",1,"12th Pass",7378589,969756,47,7.33,"2014","INC"
"345","Mayurbhanj","ST","Orissa","Others",79.4,"M","Others",5.74,"Rama Chandra Hansdah",0,"Graduate",3630888,0,49,-3.25,"2014","Others"
"346","Medak","GEN","Telangana","Others",77.5,"M","Others",2.44,"Kalvakuntla Chandrasekhar Rao",2,"Graduate",151582464,78753620,60,6.15,"2014","Others"
"347","Medinipur","GEN","West Bengal","Others",84,"F","Others",8.74,"Sandhya Roy",0,"Literate",31031095,0,73,5.38,"2014","Others"
"348","Meerut","GEN","Uttar Pradesh","BJP",63.1,"M","BJP",0.36,"Rajendra Agarwal",2,"Post Graduate",8803517,3074600,64,2.59,"2014","INC"
"349","Mirzapur","GEN","Uttar Pradesh","Others",58.6,"F","Others",0.36,"Anupriya Singh Patel",2,"Post Graduate",26858156,1805603,33,2.59,"2014","Others"
"350","Misrikh","SC","Uttar Pradesh","BJP",57.9,"F","Others",0.36,"Anju Bala",0,"Post Graduate",37618214,1200000,34,2.59,"2014","Others"
"351","Mizoram","ST","Mizoram","INC",61.7,"M","INC",2.11,"C. L. Ruala",0,"Graduate",25733421,0,78,0.04,"2014","INC"
"352","Mohanlalganj","SC","Uttar Pradesh","BJP",60.7,"M","Others",0.36,"Kaushal Kishore",2,"12th Pass",21128221,0,53,2.59,"2014","Others"
"353","Moradabad","GEN","Uttar Pradesh","BJP",63.7,"M","INC",0.36,"Kunwer Sarvesh Kumar",4,"10th Pass",72866898,6e+05,62,2.59,"2014","INC"
"354","Morena","GEN","Madhya Pradesh","BJP",50.2,"M","BJP",2.15,"Anoop Mishra",0,"12th Pass",110523112,6878160,57,23.28,"2014","BJP"
"355","Mumbai North","GEN","Maharashtra","BJP",53.1,"M","INC",8.78,"Gopal Chinayya Shetty",10,"5th Pass",95617889,0,62,3.99,"2014","Others"
"356","Mumbai North Central","GEN","Maharashtra","BJP",48.6,"M","INC",8.78,"Poonam Mahajan Alias Poonam Vajendla Rao",0,"Others",1080867626,414479088,60,3.99,"2014","Others"
"357","Mumbai North East","GEN","Maharashtra","BJP",51.7,"F","INC",8.78,"Kirit Somaiya",10,"Doctorate",72156258,6593325,33,3.99,"2014","Others"
"358","Mumbai North West","GEN","Maharashtra","Others",50.4,"M","Others",8.78,"Gajanan Chandrakant Kirtikar",0,"Graduate",58352000,2257000,60,3.99,"2014","Others"
"359","Mumbai South","GEN","Maharashtra","Others",52.5,"M","INC",8.78,"Arvind Sawant",1,"Graduate",13067446,0,70,3.99,"2014","INC"
"360","Mumbai South Central","GEN","Maharashtra","Others",53.1,"M","INC",8.78,"Rahul Ramesh Shewale",1,"Others",13304397,10502345,41,3.99,"2014","Others"
"361","Munger","GEN","Bihar","Others",53.9,"F","Others",11.53,"Veena Devi",0,"8th Pass",31162836,0,41,-10.06,"2014","BJP"
"362","Murshidabad","GEN","West Bengal","Others",85.2,"M","INC",8.74,"Badaruddoza Khan",0,"Graduate Professional",2758610,0,60,5.38,"2014","INC"
"363","Muzaffarnagar","GEN","Uttar Pradesh","BJP",69.7,"M","Others",0.36,"(DR.) SANJEEV KUMAR BALYAN",1,"Doctorate",10794222,3090803,41,2.59,"2014","Others"
"364","Muzaffarpur","GEN","Bihar","BJP",61.2,"M","Others",11.53,"Ajay Nishad",0,"Graduate",145712654,989888,45,-10.06,"2014","BJP"
"365","Mysore","GEN","Karnataka","BJP",67.3,"M","INC",2.12,"Prathap Simha",0,"Post Graduate",6321591,4399048,37,1.25,"2014","Others"
"366","Nabarangpur","ST","Orissa","Others",78.8,"M","INC",5.74,"Balabhadra Majhi",0,"Graduate",52977088,705404,53,-3.25,"2014","INC"
"367","Nagaland","ST","Nagaland","Others",87.8,"M","Others",7.72,"Neiphiu Rio",0,"Graduate",315834264,0,63,4,"2014","Others"
"368","Nagapattinam","SC","Tamil Nadu","Others",77.8,"M","Others",3.11,"Gopal. Dr. K",0,"Graduate Professional",19074709,13629120,54,7.33,"2014","Others"
"369","Nagarkurnool","SC","Telangana","INC",75.1,"M","INC",2.44,"Yellaiah Nandi",0,"12th Pass",7048969,0,71,6.15,"2014","Others"
"370","Nagaur","GEN","Rajasthan","BJP",59.8,"M","INC",3.55,"C R Choudhary",0,"Post Graduate",17921949,0,66,0.22,"2014","INC"
"371","Nagina","SC","Uttar Pradesh","BJP",63.1,"M","Others",0.36,"Yashwant Singh",0,"Post Graduate",34806740,0,52,2.59,"2014","Others"
"372","Nagpur","GEN","Maharashtra","BJP",57.1,"M","INC",8.78,"Gadkari Nitin Jairam",4,"Graduate Professional",153704475,19004037,56,3.99,"2014","INC"
"373","Nainital-Udhamsingh Nagar","GEN","Uttarakhand","BJP",68.4,"M","INC",6.3,"Bhagat Singh Koshyari",0,"Post Graduate",5562704,0,72,4.12,"2014","INC"
"374","Nalanda","GEN","Bihar","Others",47.2,"M","Others",11.53,"Kaushlendra Kumar",0,"12th Pass",11812717,477000,49,-10.06,"2014","INC"
"375","Nalgonda","GEN","Telangana","INC",79.5,"M","INC",2.44,"Gutha Sukhender Reddy",1,"12th Pass",85907866,10103677,60,6.15,"2014","Others"
"376","Namakkal","GEN","Tamil Nadu","Others",79.6,"M","Others",3.11,"Sundaram P.R",0,"Graduate",126539914,92677412,62,7.33,"2014","Others"
"377","Nanded","GEN","Maharashtra","INC",60.1,"M","INC",8.78,"Ashok Shankarrao Chavan",0,"Post Graduate",388758910,30513286,55,3.99,"2014","INC"
"378","Nandurbar","ST","Maharashtra","BJP",66.8,"F","INC",8.78,"Dr.Gavit Heena Vaijaykumar",0,"Graduate Professional",131103963,7571753,26,3.99,"2014","INC"
"379","Nandyal","GEN","Andhra Pradesh","Others",76.4,"M","INC",2.44,"S.P.Y Reddy",2,"Graduate Professional",219578079,1077820,64,6.15,"2014","INC"
"380","Narasaraopet","GEN","Andhra Pradesh","Others",84.6,"M","Others",2.44,"Sambasiva Rao Rayapati",2,"Graduate",595838093,56263516,70,6.15,"2014","Others"
"381","Narsapuram","GEN","Andhra Pradesh","BJP",82.2,"M","INC",2.44,"Gokaraju Ganga Raju",1,"Graduate",2883567122,168501286,69,6.15,"2014","INC"
"382","Nashik","GEN","Maharashtra","Others",58.8,"M","Others",8.78,"Godse Hemant Tukaram",1,"12th Pass",83628253,23559648,43,3.99,"2014","Others"
"383","Navsari","GEN","Gujarat","BJP",65.8,"M","BJP",7.12,"C. R. Patil",7,"10th Pass",744761133,405888122,59,-6.96,"2014","BJP"
"384","Nawada","GEN","Bihar","BJP",52.8,"M","BJP",11.53,"Giriraj Singh",1,"Graduate",50054771,0,61,-10.06,"2014","BJP"
"385","Nellore","GEN","Andhra Pradesh","Others",73.9,"M","INC",2.44,"Mekapati Rajamohan Reddy",2,"Graduate Professional",361746068,0,69,6.15,"2014","INC"
"386","New Delhi","GEN","Delhi","BJP",65.1,"F","INC",1.36,"Meenakashi Lekhi",0,"Graduate Professional",349916470,3275562,46,3.21,"2014","INC"
"387","Nilgiris","SC","Tamil Nadu","Others",73.5,"M","Others",3.11,"Gopalakrishnan, C.",0,"Post Graduate",10941189,1224754,52,7.33,"2014","Others"
"388","Nizamabad","GEN","Telangana","Others",69.1,"F","INC",2.44,"Kalvakuntla Kavitha",8,"Graduate Professional",61955750,3213119,36,6.15,"2014","Others"
"389","North East Delhi","GEN","Delhi","BJP",67.3,"M","INC",1.36,"Manoj Tiwari",0,"Post Graduate",199483924,34645630,43,3.21,"2014","INC"
"390","North Goa","GEN","Goa","BJP",78.9,"M","BJP",-4.86,"Shripad Yesso Naik",0,"Graduate",37019154,837843,61,-4.53,"2014","Others"
"391","North West Delhi","SC","Delhi","BJP",61.8,"M","INC",1.36,"Udit Raj",1,"Doctorate",44902363,0,56,3.21,"2014","INC"
"392","Nowgong","GEN","Assam","BJP",80.7,"M","BJP",4.28,"Rajen Gohain",1,"Graduate Professional",24736544,5328287,63,4.59,"2014","INC"
"393","Ongole","GEN","Andhra Pradesh","Others",82.2,"M","INC",2.44,"Y.V.Subba Reddy",0,"Post Graduate",735451548,240557614,53,6.15,"2014","INC"
"394","Osmanabad","GEN","Maharashtra","Others",64.8,"M","Others",8.78,"Gaikwad Ravindra Vishwanath",8,"Post Graduate",32852793,5962702,54,3.99,"2014","Others"
"395","Outer Manipur","ST","Manipur","INC",84,"M","INC",1.98,"Thangso Baite",0,"Post Graduate",5947000,880000,61,2.61,"2014","INC"
"396","Palakkad","GEN","Kerala","Others",75.3,"M","Others",18.41,"M B Rajesh",11,"Graduate Professional",4676316,700680,43,4.39,"2014","Others"
"397","Palamau","SC","Jharkhand","BJP",59.4,"M","Others",11.62,"Vishnu Dayal Ram",0,"Graduate",24753886,0,62,8.3,"2014","Others"
"398","Palghar","ST","Maharashtra","BJP",62.9,"M","Others",8.78,"Adv. Chintaman Navasha Wanga",0,"Graduate Professional",5809644,401000,63,3.99,"2014","Others"
"399","Pali","GEN","Rajasthan","BJP",57.9,"M","INC",3.55,"P P Choudhary",0,"Graduate Professional",353503467,7892216,60,0.22,"2014","INC"
"400","Panchmahal","GEN","Gujarat","BJP",59.2,"M","BJP",7.12,"Chauhan Prabhatsinh Pratapsinh",3,"10th Pass",10464000,0,72,-6.96,"2014","BJP"
"401","Parbhani","GEN","Maharashtra","Others",64.4,"M","Others",8.78,"Jadhav Sanjay (BANDU) HARIBHAU",7,"10th Pass",31016711,5976851,47,3.99,"2014","Others"
"402","Paschim Champaran","GEN","Bihar","BJP",60.5,"M","BJP",11.53,"Dr. Sanjay Jaiswal",2,"Post Graduate",35941299,6197804,49,-10.06,"2014","BJP"
"403","Pataliputra","GEN","Bihar","BJP",56.4,"M","Others",11.53,"Ram Kripal Yadav",1,"Graduate",13989431,2100000,53,-10.06,"2014","BJP"
"404","Patan","GEN","Gujarat","BJP",58.7,"M","INC",7.12,"Liladharbhai Khodaji Vaghela",0,"Graduate Professional",15384027,0,80,-6.96,"2014","BJP"
"405","Pathanamthitta","GEN","Kerala","INC",65.7,"M","INC",18.41,"Anto Antony",0,"Graduate",5410884,4211050,57,4.39,"2014","INC"
"406","Patiala","GEN","Punjab","Others",70.9,"M","INC",2.55,"Dr. Dharam Vira Gandhi",0,"Graduate Professional",45115421,0,63,0.44,"2014","INC"
"407","Patna Sahib","GEN","Bihar","BJP",45.3,"M","BJP",11.53,"Shatrughana Sinha",1,"Graduate",1317405961,168760929,67,-10.06,"2014","BJP"
"408","Peddapalli","SC","Telangana","Others",71.7,"M","INC",2.44,"Balka Suman",1,"Post Graduate",7351329,620770,31,6.15,"2014","INC"
"409","Perambalur","GEN","Tamil Nadu","Others",80.2,"M","Others",3.11,"Marutharajaa, R.P.",0,"Post Graduate",24570213,0,51,7.33,"2014","INC"
"410","Phulpur","GEN","Uttar Pradesh","BJP",50.2,"M","Others",0.36,"Keshav Prasad Maurya",11,"Graduate",93244143,24381051,47,2.59,"2014","Others"
"411","Pilibhit","GEN","Uttar Pradesh","BJP",62.9,"F","BJP",0.36,"Maneka Sanjay Gandhi",1,"12th Pass",374132826,219202,57,2.59,"2014","INC"
"412","Pollachi","GEN","Tamil Nadu","Others",73.3,"M","Others",3.11,"Mahendran.C",0,"Post Graduate",231430367,18128825,42,7.33,"2014","INC"
"413","Pondicherry","GEN","Pondicherry","Others",82.1,"M","INC",2.68,"R. Radhakrishnan",0,"Post Graduate",77724418,7658530,67,22.88,"2014","INC"
"414","Ponnani","GEN","Kerala","Others",73.8,"M","Others",18.41,"E. T. Mohammed Basheer",0,"10th Pass",13216259,0,55,4.39,"2014","Others"
"415","Porbandar","GEN","Gujarat","BJP",52.6,"M","INC",7.12,"Radadiya Vithalbhai Hansrajbhai",10,"Graduate",73003639,316000,64,-6.96,"2014","BJP"
"416","Pratapgarh","GEN","Uttar Pradesh","Others",52.1,"M","INC",0.36,"Kuwar Harivansh Singh",5,"Graduate",383137665,149404112,42,2.59,"2014","Others"
"417","Pune","GEN","Maharashtra","BJP",54.1,"M","INC",8.78,"Anil Shirole",2,"Graduate",227615279,4781007,63,3.99,"2014","INC"
"418","Puri","GEN","Orissa","Others",74,"M","Others",5.74,"Pinaki Misra",0,"Graduate Professional",1370991203,19975839,54,-3.25,"2014","Others"
"419","Purnia","GEN","Bihar","Others",64.3,"M","BJP",11.53,"Santosh Kumar",3,"12th Pass",22316594,1406515,35,-10.06,"2014","BJP"
"420","Purulia","GEN","West Bengal","Others",81.8,"M","Others",8.74,"Dr. Mriganka Mahato",0,"Graduate Professional",8895210,0,51,5.38,"2014","Others"
"421","Purvi Champaran","GEN","Bihar","BJP",56.6,"M","BJP",11.53,"Radha Mohan Singh",0,"Graduate",22558073,4270360,64,-10.06,"2014","BJP"
"422","Rae Bareli","GEN","Uttar Pradesh","INC",51.7,"F","INC",0.36,"Sonia Gandhi",0,"Others",92895288,0,67,2.59,"2014","INC"
"423","Raichur","ST","Karnataka","INC",58.3,"M","BJP",2.12,"B.V.Nayak",0,"Graduate Professional",73502466,0,48,1.25,"2014","INC"
"424","Raigad","GEN","Maharashtra","Others",64.4,"M","Others",8.78,"Anant Geete",0,"10th Pass",44466487,23968087,63,3.99,"2014","Others"
"425","Raiganj","GEN","West Bengal","Others",79.9,"M","INC",8.74,"Md. Salim",0,"Post Graduate",8318013,0,56,5.38,"2014","INC"
"426","Raigarh","ST","Chhattisgarh","BJP",77.6,"M","BJP",6.42,"Vishnu Deo Sai",0,"10th Pass",21576220,1819686,50,2.28,"2014","INC"
"427","Raipur","GEN","Chhattisgarh","BJP",65.7,"M","BJP",6.42,"Ramesh Bais",0,"12th Pass",73190135,274902,66,2.28,"2014","INC"
"428","Rajahmundry","GEN","Andhra Pradesh","Others",81.2,"M","INC",2.44,"Murali Mohan Maganti",1,"12th Pass",180822216,12245000,73,6.15,"2014","INC"
"429","Rajampet","GEN","Andhra Pradesh","Others",77.9,"M","INC",2.44,"P.V.Midhun Reddy",1,"Post Graduate",225984036,8183862,36,6.15,"2014","INC"
"430","Rajgarh","GEN","Madhya Pradesh","BJP",64,"M","INC",2.15,"Rodmal Nagar",0,"Graduate",28569974,3586473,53,23.28,"2014","INC"
"431","Rajkot","GEN","Gujarat","BJP",63.8,"M","INC",7.12,"Kundariya Mohanbhai Kalyanjibhai",0,"8th Pass",39512950,2335530,62,-6.96,"2014","INC"
"432","Rajmahal","ST","Jharkhand","Others",70.3,"M","BJP",11.62,"Vijay Kumar Hansdak",1,"5th Pass",6863306,0,31,8.3,"2014","Others"
"433","Rajnandgaon","GEN","Chhattisgarh","BJP",74.2,"M","BJP",6.42,"Abhishek Singh",0,"Graduate Professional",44093207,0,33,2.28,"2014","Others"
"434","Rajsamand","GEN","Rajasthan","BJP",57.8,"M","INC",3.55,"Hariom Singh Rathore",0,"Graduate",188310824,2728752,56,0.22,"2014","INC"
"435","Ramanathapuram","GEN","Tamil Nadu","Others",68.8,"M","Others",3.11,"Anwhar Raajhaa.A",0,"Graduate",33582876,2700000,65,7.33,"2014","Others"
"436","Rampur","GEN","Uttar Pradesh","BJP",59.2,"M","Others",0.36,"Dr. Nepal Singh",0,"Doctorate",27136042,1614820,74,2.59,"2014","Others"
"437","Ramtek","SC","Maharashtra","Others",62.6,"M","INC",8.78,"Krupal Balaji Tumane",1,"Graduate",46564362,216000,48,3.99,"2014","INC"
"438","Ranaghat","SC","West Bengal","Others",84.4,"M","Others",8.74,"Tapas Mandal",0,"Doctorate",8169115,2383416,42,5.38,"2014","Others"
"439","Ranchi","GEN","Jharkhand","BJP",63.7,"M","INC",11.62,"Ram Tahal Choudhary",0,"10th Pass",10743950,0,72,8.3,"2014","INC"
"440","Ratlam","ST","Madhya Pradesh","BJP",63.6,"M","INC",2.15,"Dileepsingh Bhuria",0,"10th Pass",12259882,0,68,23.28,"2014","BJP"
"441","Ratnagiri - Sindhudurg","GEN","Maharashtra","Others",65.6,"M","INC",8.78,"Vinayak Bhaurao Raut",5,"Post Graduate",44568629,2370842,60,3.99,"2014","INC"
"442","Raver","GEN","Maharashtra","BJP",63.3,"F","BJP",8.78,"Khadase Raksha Nikhil",0,"Graduate",144222841,0,26,3.99,"2014","INC"
"443","Rewa","GEN","Madhya Pradesh","BJP",53.7,"M","Others",2.15,"Janardan Mishra",0,"Graduate Professional",10156568,106977,58,23.28,"2014","BJP"
"444","Robertsganj","SC","Uttar Pradesh","BJP",54,"M","Others",0.36,"Chhotelal",0,"5th Pass",3687361,55313,41,2.59,"2014","Others"
"445","Rohtak","GEN","Haryana","INC",66.6,"M","INC",3.57,"Deepender Singh Hooda",0,"Post Graduate",358749354,39310300,36,3.18,"2014","INC"
"446","Sabarkantha","GEN","Gujarat","BJP",67.7,"M","BJP",7.12,"Rathod Dipsinh Shankarsinh",0,"8th Pass",20700176,417585,62,-6.96,"2014","INC"
"447","Sagar","GEN","Madhya Pradesh","BJP",58.7,"M","BJP",2.15,"Laxmi Narayan Yadav",1,"Graduate Professional",23962099,956348,73,23.28,"2014","BJP"
"448","Saharanpur","GEN","Uttar Pradesh","BJP",74.2,"M","Others",0.36,"Raghav Lakhanpal",0,"Post Graduate",35406431,0,39,2.59,"2014","INC"
"449","Salem","GEN","Tamil Nadu","Others",76.8,"M","Others",3.11,"Pannerselvam.V",0,"Graduate Professional",32268097,253282,55,7.33,"2014","Others"
"450","Salempur","GEN","Uttar Pradesh","BJP",51.4,"M","Others",0.36,"Ravindra Kushawaha",0,"12th Pass",7134477,0,50,2.59,"2014","Others"
"451","Samastipur","SC","Bihar","Others",57.4,"M","Others",11.53,"Ram Chandra Paswan",3,"10th Pass",13058612,0,53,-10.06,"2014","BJP"
"452","Sambalpur","GEN","Orissa","Others",75.9,"M","INC",5.74,"Nagendra Kumar Pradhan",0,"Graduate Professional",12796623,1461565,61,-3.25,"2014","INC"
"453","Sambhal","GEN","Uttar Pradesh","BJP",62.4,"M","Others",0.36,"Satyapal Singh",0,"Post Graduate",19904379,0,40,2.59,"2014","INC"
"454","Sangli","GEN","Maharashtra","BJP",63.5,"M","INC",8.78,"Sanjaykaka Patil",0,"10th Pass",108791027,19198050,49,3.99,"2014","INC"
"455","Sangrur","GEN","Punjab","Others",77.2,"M","INC",2.55,"Bhagwant Mann",0,"12th Pass",43057512,16281200,40,0.44,"2014","Others"
"456","Sant Kabir Nagar","GEN","Uttar Pradesh","BJP",53.1,"M","Others",0.36,"Sharad Tripathi",0,"Post Graduate",3697671,71800,42,2.59,"2014","Others"
"457","Saran","GEN","Bihar","BJP",56.1,"M","Others",11.53,"Rajiv Pratap Rudy",1,"Post Graduate",62545997,1008658,53,-10.06,"2014","BJP"
"458","Sarguja","ST","Chhattisgarh","BJP",78,"M","BJP",6.42,"Kamalbhan Singh Marabi",0,"Post Graduate",24773173,2995985,51,2.28,"2014","INC"
"459","Sasaram","SC","Bihar","BJP",52.7,"M","INC",11.53,"Chhedi Paswan",0,"Post Graduate",35776803,275000,58,-10.06,"2014","INC"
"460","Satara","GEN","Maharashtra","Others",56.8,"M","Others",8.78,"Shrimant Chh. Udayanraje Pratapsinha Bhonsale",23,"12th Pass",606089208,312941,48,3.99,"2014","Others"
"461","Satna","GEN","Madhya Pradesh","BJP",62.7,"M","BJP",2.15,"Ganesh Singh",2,"Post Graduate",37800000,0,51,23.28,"2014","BJP"
"462","Secundrabad","GEN","Telangana","BJP",53,"M","INC",2.44,"Bandaru Dattatreya",3,"Graduate",98255148,405469,66,6.15,"2014","INC"
"463","Shahdol","ST","Madhya Pradesh","BJP",62,"M","INC",2.15,"Dalpat Singh Paraste",0,"Graduate Professional",5524870,0,61,23.28,"2014","BJP"
"464","Shahjahanpur","SC","Uttar Pradesh","BJP",57.1,"F","Others",0.36,"Krishna Raj",0,"Post Graduate",16506411,3612812,46,2.59,"2014","Others"
"465","Sheohar","GEN","Bihar","BJP",56.6,"F","BJP",11.53,"Rama Devi",6,"Graduate Professional",308591850,0,65,-10.06,"2014","BJP"
"466","Shillong","ST","Meghalaya","INC",63.2,"M","INC",11.93,"Vincent H. Pala",0,"Graduate Professional",497108058,0,46,5.07,"2014","INC"
"467","Shimla","SC","Himachal Pradesh","BJP",64,"M","BJP",2.43,"Virender Kashyap",0,"Post Graduate",5228095,0,63,13.35,"2014","INC"
"468","Shimoga","GEN","Karnataka","BJP",72.3,"M","BJP",2.12,"B. S. Yeddyurappa",9,"12th Pass",69746267,5e+05,71,1.25,"2014","Others"
"469","Shirdi","SC","Maharashtra","Others",63.9,"M","Others",8.78,"Lokhande Sadashiv Kisan",1,"10th Pass",38294539,1497168,52,3.99,"2014","Others"
"470","Shirur","GEN","Maharashtra","Others",59.7,"M","Others",8.78,"Adhalrao Shivaji Dattatrey",10,"Others",253880475,61810866,59,3.99,"2014","Others"
"471","Shrawasti","GEN","Uttar Pradesh","BJP",54.8,"M","INC",0.36,"Daddan Mishra",0,"Post Graduate",20065527,228304,47,2.59,"2014","INC"
"472","Sidhi","GEN","Madhya Pradesh","BJP",57,"F","BJP",2.15,"Riti Pathak",0,"Post Graduate",33416561,0,36,23.28,"2014","INC"
"473","Sikar","GEN","Rajasthan","BJP",60.2,"M","INC",3.55,"Sumedhanand Saraswati",0,"Others",34311,0,62,0.22,"2014","Others"
"474","Sikkim","GEN","Sikkim","Others",83.4,"M","Others",9.37,"Prem Das Rai",0,"Post Graduate",32389223,0,59,3.37,"2014","Others"
"475","Silchar","GEN","Assam","INC",75.4,"F","BJP",4.28,"Sushmita Dev",1,"Post Graduate",87495844,12008613,41,4.59,"2014","INC"
"476","Singhbhum","ST","Jharkhand","BJP",69,"M","Others",11.62,"Laxman Giluwa",4,"12th Pass",8094301,108145,52,8.3,"2014","Others"
"477","Sirsa","SC","Haryana","Others",77,"M","INC",3.57,"Charanjeet Singh Rori",0,"10th Pass",8146887,3260000,43,3.18,"2014","Others"
"478","Sitamarhi","GEN","Bihar","Others",57.2,"M","Others",11.53,"Ram Kumar Sharma",0,"Post Graduate",9265000,82000,50,-10.06,"2014","BJP"
"479","Sitapur","GEN","Uttar Pradesh","BJP",66.3,"M","Others",0.36,"Rajesh Verma",0,"Post Graduate",41418622,1265000,53,2.59,"2014","Others"
"480","Sivaganga","GEN","Tamil Nadu","Others",72.7,"M","INC",3.11,"Senthilnathan Pr",0,"Graduate Professional",49050835,7459581,46,7.33,"2014","INC"
"481","Siwan","GEN","Bihar","BJP",56.5,"M","Others",11.53,"Om Prakash Yadav",1,"Graduate",2213023,1956467,48,-10.06,"2014","BJP"
"482","Solapur","SC","Maharashtra","BJP",55.9,"M","INC",8.78,"Sharad Bansode",1,"Graduate Professional",60152887,7604375,46,3.99,"2014","INC"
"483","Sonipat","GEN","Haryana","BJP",69.6,"M","INC",3.57,"Ramesh Chander",0,"Graduate Professional",142840716,0,54,3.18,"2014","INC"
"484","South Delhi","GEN","Delhi","BJP",62.9,"M","INC",1.36,"Ramesh Bidhuri",4,"Graduate Professional",147493056,0,52,3.21,"2014","INC"
"485","South Goa","GEN","Goa","BJP",75.3,"M","INC",-4.86,"Adv. Narendra Keshav Sawaikar",0,"Graduate Professional",6260382,0,47,-4.53,"2014","Others"
"486","Srerampur","GEN","West Bengal","Others",79.5,"M","Others",8.74,"Kalyan Banerjee",1,"Graduate Professional",88512676,8582543,57,5.38,"2014","Others"
"487","Srikakulam","GEN","Andhra Pradesh","Others",74.4,"M","INC",2.44,"Rammohan Naidu Kinjarapu",0,"Post Graduate",84173423,0,27,6.15,"2014","INC"
"488","Srinagar","GEN","Jammu & Kashmir","Others",25.9,"M","Others",1.18,"Tariq Hameed Karra",0,"Graduate Professional",984556436,1500000,58,4.97,"2014","Others"
"489","Sriperumbudur","GEN","Tamil Nadu","Others",66.1,"M","Others",3.11,"Ramachandran, K.N. Thiru",0,"Post Graduate",936721057,80806268,59,7.33,"2014","Others"
"490","Sultanpur","GEN","Uttar Pradesh","BJP",56.6,"M","INC",0.36,"Feroze Varun Gandhi",0,"Post Graduate",357318699,18119000,34,2.59,"2014","INC"
"491","Sundargarh","ST","Orissa","BJP",71.7,"M","INC",5.74,"Jual @ Juel Oram",1,"Others",24202170,0,52,-3.25,"2014","Others"
"492","Supaul","GEN","Bihar","INC",63.6,"F","Others",11.53,"Ranjeet Ranjan",5,"12th Pass",81242965,0,41,-10.06,"2014","BJP"
"493","Surat","GEN","Gujarat","BJP",63.9,"F","BJP",7.12,"Darshana Vikram Jardosh",0,"Graduate",18038444,2020458,53,-6.96,"2014","BJP"
"494","Surendranagar","GEN","Gujarat","BJP",57,"M","INC",7.12,"Fatepara Devajibhai Govindbhai",1,"Literate",11685000,0,55,-6.96,"2014","INC"
"495","Tamluk","GEN","West Bengal","Others",87.6,"M","Others",8.74,"Adhikari Suvendu",2,"Post Graduate",6480767,0,44,5.38,"2014","Others"
"496","Tehri Garhwal","GEN","Uttarakhand","BJP",57.4,"F","INC",6.3,"Mala Rajya Laxmi Shah",0,"12th Pass",1662109875,14900000,64,4.12,"2014","INC"
"497","Tenkasi","SC","Tamil Nadu","Others",73.7,"F","Others",3.11,"Vasanthi.M",0,"Post Graduate",24014922,0,52,7.33,"2014","Others"
"498","Tezpur","GEN","Assam","BJP",77.9,"M","Others",4.28,"Ram Prasad Sarmah",0,"Graduate Professional",6655300,0,58,4.59,"2014","Others"
"499","Thane","GEN","Maharashtra","Others",50.8,"M","Others",8.78,"Vichare Rajan Baburao",13,"10th Pass",102091612,13054217,52,3.99,"2014","Others"
"500","Thanjavur","GEN","Tamil Nadu","Others",75.5,"M","Others",3.11,"Parasuraman.K",0,"12th Pass",146049347,27954352,53,7.33,"2014","Others"
"501","Theni","GEN","Tamil Nadu","Others",74.6,"M","INC",3.11,"Parthipan, R.",0,"Graduate",22047681,869650,50,7.33,"2014","INC"
"502","Thiruvallur","SC","Tamil Nadu","Others",73.7,"M","Others",3.11,"Venugopal.P.(DR)",0,"Others",146978329.273063,14936426.3216266,61,7.33,"2014","Others"
"503","Thiruvananthapuram","GEN","Kerala","INC",68.6,"M","INC",18.41,"Dr. Shashi Tharoor",0,"Doctorate",230275186,0,58,4.39,"2014","INC"
"504","Thoothukkudi","GEN","Tamil Nadu","Others",70,"M","Others",3.11,"Jeyasingh Thiyagaraj Natterjee.J",0,"Post Graduate",9822294,0,60,7.33,"2014","Others"
"505","Thrissur","GEN","Kerala","Others",72.2,"M","INC",18.41,"C. N. Jayadevan",3,"Post Graduate",20041642,294000,63,4.39,"2014","INC"
"506","Tikamgarh","SC","Madhya Pradesh","BJP",50.1,"M","BJP",2.15,"Dr. Virendra Kumar",0,"Doctorate",8764635,0,60,23.28,"2014","BJP"
"507","Tiruchirappalli","GEN","Tamil Nadu","Others",71.2,"M","Others",3.11,"Kumar.P",0,"Graduate Professional",18522597,1917891,42,7.33,"2014","INC"
"508","Tirunelveli","GEN","Tamil Nadu","Others",67.8,"M","INC",3.11,"Prabakaran.K.R.P",0,"Graduate Professional",2764500,0,33,7.33,"2014","INC"
"509","Tirupati","SC","Andhra Pradesh","Others",77,"M","INC",2.44,"Varaprasad Rao Velagapalli",0,"Doctorate",129128388,3132962,61,6.15,"2014","INC"
"510","Tiruppur","GEN","Tamil Nadu","Others",76.3,"F","Others",3.11,"V.Sathyabama",2,"Post Graduate",28108573,2475755,42,7.33,"2014","INC"
"511","Tiruvannamalai","GEN","Tamil Nadu","Others",78.9,"F","Others",3.11,"Vanaroja R",0,"Post Graduate",3700000,0,55,7.33,"2014","Others"
"512","Tonk-Sawai Madhopur","GEN","Rajasthan","BJP",61,"M","INC",3.55,"Sukhbir Singh Jaunapuria",0,"12th Pass",714124612,0,56,0.22,"2014","INC"
"513","Tripura East","ST","Tripura","Others",83.4,"M","Others",2.75,"Jitendra Choudhury",0,"12th Pass",11322979,2030773,57,5.14,"2014","Others"
"514","Tripura West","GEN","Tripura","Others",85.9,"M","Others",2.75,"Sankar Prasad Datta",1,"Post Graduate",1320900,0,56,5.14,"2014","Others"
"515","Tumkur","GEN","Karnataka","INC",72.5,"M","BJP",2.12,"Muddahanumegowda.S.P.",0,"Graduate Professional",30273812,0,59,1.25,"2014","INC"
"516","Tura","ST","Meghalaya","Others",78.1,"M","Others",11.93,"Purno Agitok Sangma",0,"Post Graduate",215134618,0,66,5.07,"2014","Others"
"517","Udaipur","ST","Rajasthan","BJP",65.6,"M","INC",3.55,"Arjunlal Meena",0,"Post Graduate",17049951,8195866,49,0.22,"2014","INC"
"518","Udhampur","GEN","Jammu & Kashmir","BJP",69.9,"M","INC",1.18,"Dr. Jitendra Singh",0,"Graduate Professional",38464932,11881,57,4.97,"2014","INC"
"519","Udupi Chikmagalur","GEN","Karnataka","BJP",74.5,"F","BJP",2.12,"Shobha Karandlaje",0,"Post Graduate",72089452,38119792,47,1.25,"2014","INC"
"520","Ujiarpur","GEN","Bihar","BJP",60.1,"M","Others",11.53,"Nityanand Rai",1,"Graduate",146743540,3965423,48,-10.06,"2014","BJP"
"521","Ujjain","SC","Madhya Pradesh","BJP",66.6,"M","INC",2.15,"Prof. Chintamani Malviya",0,"Doctorate",18888754,5483153,44,23.28,"2014","INC"
"522","Uluberia","GEN","West Bengal","Others",81.9,"M","Others",8.74,"Sultan Ahmed",0,"Graduate",22792936,10878739,58,5.38,"2014","Others"
"523","Unnao","GEN","Uttar Pradesh","BJP",55.5,"M","INC",0.36,"Swami Sachchidanand Hari Sakshi",8,"Doctorate",32137597,0,58,2.59,"2014","Others"
"524","Uttara Kannada","GEN","Karnataka","BJP",69,"M","BJP",2.12,"Anantkumar Hegde",0,"12th Pass",32367360,15139611,46,1.25,"2014","Others"
"525","Vadakara","GEN","Kerala","INC",81.1,"M","INC",18.41,"Mullappally Ramachandran",0,"Post Graduate",9225000,2160000,67,4.39,"2014","INC"
"526","Vadodara","GEN","Gujarat","BJP",70.9,"M","BJP",7.12,"Narendra Modi",0,"Post Graduate",15157582,0,63,-6.96,"2014","BJP"
"527","Vaishali","GEN","Bihar","Others",58.3,"M","Others",11.53,"Rama Kishore Singh",4,"Graduate",21610218,3323006,51,-10.06,"2014","BJP"
"528","Valmiki Nagar","GEN","Bihar","BJP",61.8,"M","Others",11.53,"Satish Chandra Dubey",3,"10th Pass",6061576,626789,39,-10.06,"2014","BJP"
"529","Valsad","ST","Gujarat","BJP",74.2,"M","INC",7.12,"Dr. K.C.Patel",0,"Graduate Professional",131141867,2381344,65,-6.96,"2014","INC"
"530","Varanasi","GEN","Uttar Pradesh","BJP",58.3,"M","BJP",0.36,"Narendra Modi",0,"Post Graduate",16591582,0,63,2.59,"2014","INC"
"531","Vellore","GEN","Tamil Nadu","Others",74.3,"M","Others",3.11,"Senguttuvan, B.",0,"Post Graduate",9197355,440478,57,7.33,"2014","Others"
"532","Vidisha","GEN","Madhya Pradesh","BJP",65.7,"F","BJP",2.15,"Sushma Swaraj",0,"Graduate Professional",175516422,6500000,62,23.28,"2014","BJP"
"533","Vijayawada","GEN","Andhra Pradesh","Others",76.4,"M","INC",2.44,"Kesineni Srinivas",3,"10th Pass",1284122669,715462989,48,6.15,"2014","Others"
"534","Viluppuram","SC","Tamil Nadu","Others",77,"M","Others",3.11,"Rajendran S",0,"Graduate",6200000,2371331,57,7.33,"2014","Others"
"535","Virudhunagar","GEN","Tamil Nadu","Others",74.9,"M","INC",3.11,"Radhakrishnan T",0,"10th Pass",43736485,5273447,59,7.33,"2014","INC"
"536","Visakhapatnam","GEN","Andhra Pradesh","BJP",67.5,"M","INC",2.44,"Kambhampati Hari Babu",0,"Doctorate",90103580,1854856,60,6.15,"2014","INC"
"537","Vizianagaram","GEN","Andhra Pradesh","Others",79.8,"M","INC",2.44,"Ashok Gajapathi Raju Pusapati",0,"10th Pass",39054905,0,62,6.15,"2014","INC"
"538","Warangal","SC","Telangana","Others",76.4,"M","INC",2.44,"Kadiyam Srihari",6,"Post Graduate",13495000,0,63,6.15,"2014","Others"
"539","Wardha","GEN","Maharashtra","BJP",64.8,"M","INC",8.78,"Ramdas Chandrabhanji Tadas",5,"10th Pass",33628998,1749314,62,3.99,"2014","INC"
"540","Wayanad","GEN","Kerala","INC",73.2,"M","INC",18.41,"M I Shanavas",0,"Post Graduate",27122055,7711000,62,4.39,"2014","INC"
"541","West Delhi","GEN","Delhi","BJP",66.1,"M","INC",1.36,"Parvesh Sahib Singh Verma",1,"Post Graduate",107235461,26650000,36,3.21,"2014","INC"
"542","Yavatmal-Washim","GEN","Maharashtra","Others",59.3,"F","Others",8.78,"Gawali Bhavana Pundlikrao",4,"Graduate",60886040,7368967,41,3.99,"2014","Others"
"543","Zahirabad","GEN","Telangana","Others",75.8,"M","INC",2.44,"B.B. Patil",0,"Graduate",1023173039,83517670,58,6.15,"2014","INC"
