Candidate,Constituency ?,Party,Criminal Case,Education,Total Assets,Liabilities
Ramesh Rathod,Adilabad,TDP,2,12th Pass,"Rsÿ34,10,000","Rsÿ8,15,241"
,,,,,~ 34ÿLacs+,~ 8ÿLacs+
DR. RAMSHANKAR,Agra,BJP,0,Doctorate,"Rsÿ15,11,000","Rsÿ6,39,959"
,,,,,~ 15ÿLacs+,~ 6ÿLacs+
HARIN PATHAK,Ahmedabad East,BJP,2,Post Graduate,"Rsÿ1,45,78,184","Rsÿ22,734"
,,,,,~ 1ÿCrore+,~ 22ÿThou+
KIRITBHAI PREMJIBHAI SOLANKI,Ahmedabad West,BJP,0,Graduate Professional,"Rsÿ2,61,22,439","Rsÿ7,09,488"
,,,,,~ 2ÿCrore+,~ 7ÿLacs+
GANDHI DILIPKUMAR MANSUKHLAL,Ahmednagar,BJP,9,10th Pass,"Rsÿ1,30,53,391","Rsÿ9,55,351"
,,,,,~ 1ÿCrore+,~ 9ÿLacs+
SACHIN PILOT,Ajmer,INC,0,Post Graduate,"Rsÿ4,64,89,558",Rsÿ0
,,,,,~ 4ÿCrore+,~ 
RAJARAM PAL,Akbarpur,INC,0,Graduate Professional,"Rsÿ44,00,000","Rsÿ8,38,099"
,,,,,~ 44ÿLacs+,~ 8ÿLacs+
DHOTRE SANJAY SHAMRAO,Akola,BJP,4,Graduate Professional,"Rsÿ1,93,35,144","Rsÿ22,21,980"
,,,,,~ 1ÿCrore+,~ 22ÿLacs+
K C Venugopal,Alappuzha,INC,0,Post Graduate,"Rsÿ35,33,704","Rsÿ2,03,374"
,,,,,~ 35ÿLacs+,~ 2ÿLacs+
P K Biju,Alathur,CPM,0,Post Graduate,"Rsÿ4,61,000",Rsÿ0
,,,,,~ 4ÿLacs+,~ 
RAJ KUMARI CHAUHAN,Aligarh,BSP,0,12th Pass,"Rsÿ3,40,34,506",Rsÿ0
,,,,,~ 3ÿCrore+,~ 
Manohar Tirkey,Alipurduars,RSP,0,10th Pass,"Rsÿ23,58,725",Rsÿ0
,,,,,~ 23ÿLacs+,~ 
KUNWAR REWATI RAMAN SINGH ALIAS MANI JI,Allahabad,SP,0,Graduate Professional,"Rsÿ1,86,40,164","Rsÿ2,26,475"
,,,,,~ 1ÿCrore+,~ 2ÿLacs+
PRADEEP TAMTA,Almora,INC,0,Post Graduate,"Rsÿ15,90,000",Rsÿ0
,,,,,~ 15ÿLacs+,~ 
JITENDRA SINGH,Alwar,INC,0,Graduate,"Rsÿ6,79,67,810",Rsÿ0
,,,,,~ 6ÿCrore+,~ 
G V Harsha Kumar,Amalapuram,INC,1,Post Graduate,"Rsÿ72,89,000","Rsÿ10,14,298"
,,,,,~ 72ÿLacs+,~ 10ÿLacs+
SELJA,Ambala,INC,0,Post Graduate,"Rsÿ4,67,11,386",Rsÿ0
,,,,,~ 4ÿCrore+,~ 
RAKESH PANDEY,Ambedkar Nagar,BSP,3,8th Pass,"Rsÿ16,40,78,904",Rsÿ0
,,,,,~ 16ÿCrore+,~ 
RAHUL GANDHI,Amethi,INC,0,Post Graduate,"Rsÿ2,32,74,706","Rsÿ23,35,000"
,,,,,~ 2ÿCrore+,~ 23ÿLacs+
ADSUL ANANDRAO VITHOBA,Amravati,SHS,1,Graduate,"Rsÿ1,77,08,418",Rsÿ0
,,,,,~ 1ÿCrore+,~ 
NARANBHAI BHIKHABHAI KACHHADIYA,Amreli,BJP,0,5th Pass,"Rsÿ47,48,283","Rsÿ3,00,000"
,,,,,~ 47ÿLacs+,~ 3ÿLacs+
NAVJOT SINGH SIDHU,Amritsar,BJP,1,Graduate,"Rsÿ14,50,37,236",Rsÿ0
,,,,,~ 14ÿCrore+,~ 
DEVENDRA NAGPAL,Amroha,RLD,6,Graduate,"Rsÿ13,24,25,712","Rsÿ1,39,60,788"
,,,,,~ 13ÿCrore+,~ 1ÿCrore+
Sabbam Hari,Anakapalle,INC,0,12th Pass,"Rsÿ8,50,32,286","Rsÿ4,50,000"
,,,,,~ 8ÿCrore+,~ 4ÿLacs+
RAVNEET SINGH,Anandpur Sahib,INC,0,12th Pass,"Rsÿ2,18,21,443","Rsÿ3,00,000"
,,,,,~ 2ÿCrore+,~ 3ÿLacs+
ANANTHA VENKATA RAMI REDDY,Anantapur,INC,0,Post Graduate,"Rsÿ1,30,15,000",Rsÿ0
,,,,,~ 1ÿCrore+,~ 
MIRZA MEHBOOB BEG,Anantnag,JKN,0,Graduate Professional,"Rsÿ48,50,000",Rsÿ0
,,,,,~ 48ÿLacs+,~ 
Shri Bishnu Pada Ray,Andaman & Nicobar Islands,BJP,1,Graduate,"Rsÿ12,41,034",Rsÿ0
,,,,,~ 12ÿLacs+,~ 
MANEKA GANDHI,Aonla,BJP,1,12th Pass,"Rsÿ18,28,33,477",Rsÿ0
,,,,,~ 18ÿCrore+,~ 
JAGATHRAKSHAKAN,Arakkonam,DMK,0,10th Pass,"Rsÿ5,91,06,399",Rsÿ0
,,,,,~ 5ÿCrore+,~ 
V. Kishore Chandra Deo,Araku,INC,0,Post Graduate,"Rsÿ24,74,10,000",Rsÿ0
,,,,,~ 24ÿCrore+,~ 
SAKTI MOHAN MALIK,Arambag,CPM,0,Post Graduate,"Rsÿ24,15,310","Rsÿ1,08,000"
,,,,,~ 24ÿLacs+,~ 1ÿLacs+
KRISHNASAMY M,Arani,INC,0,Graduate Professional,"Rsÿ6,23,85,765","Rsÿ1,67,92,067"
,,,,,~ 6ÿCrore+,~ 1ÿCrore+
PRADEEP KUMAR SINGH,Araria,BJP,3,10th Pass,"Rsÿ2,57,014","Rsÿ7,64,726"
,,,,,~ 2ÿLacs+,~ 7ÿLacs+
Meena Singh,Arrah,JD(U),0,Graduate,"Rsÿ4,24,36,500",Rsÿ0
,,,,,~ 4ÿCrore+,~ 
NINONG ERING,Arunachal East,INC,0,Graduate,"Rsÿ10,43,20,000","Rsÿ12,51,784"
,,,,,~ 10ÿCrore+,~ 12ÿLacs+
TAKAM SANJOY,Arunachal West,INC,0,Graduate,"Rsÿ2,41,37,021",Rsÿ0
,,,,,~ 2ÿCrore+,~ 
BANSAGOPAL CHOWDHURY,Asansol,CPM,0,Graduate,"Rsÿ14,23,763",Rsÿ0
,,,,,~ 14ÿLacs+,~ 
Nityananda Pradhan,Aska,BJD,1,Post Graduate,"Rsÿ2,66,16,692","Rsÿ15,25,000"
,,,,,~ 2ÿCrore+,~ 15ÿLacs+
Adv A Sampath,Attingal,CPM,2,Post Graduate,"Rsÿ89,99,000","Rsÿ21,50,029"
,,,,,~ 89ÿLacs+,~ 21ÿLacs+
CHANDRAKANT KHAIRE,Aurangabad,SHS,16,12th Pass,"Rsÿ1,41,51,539","Rsÿ14,72,122"
,,,,,~ 1ÿCrore+,~ 14ÿLacs+
Sushil Kumar Singh,Aurangabad,JD(U),4,Post Graduate,"Rsÿ2,08,87,871","Rsÿ7,41,199"
,,,,,~ 2ÿCrore+,~ 7ÿLacs+
BIREN SINGH ENGTI,Autonomous District,INC,0,Post Graduate,"Rsÿ2,52,97,068",Rsÿ0
,,,,,~ 2ÿCrore+,~ 
RAMAKANT YADAV,Azamgarh,BJP,11,10th Pass,"Rsÿ2,44,94,000",Rsÿ0
,,,,,~ 2ÿCrore+,~ 
DHARMENDRA YADAV,Badaun,SP,0,Post Graduate,"Rsÿ56,82,299","Rsÿ98,000"
,,,,,~ 56ÿLacs+,~ 98ÿThou+
GADDIGOUDAR P C,Bagalkot,BJP,0,Graduate Professional,"Rsÿ1,67,62,000","Rsÿ66,74,134"
,,,,,~ 1ÿCrore+,~ 66ÿLacs+
AJIT SINGH,Baghpat,RLD,0,Post Graduate,"Rsÿ5,82,32,462","Rsÿ13,077"
,,,,,~ 5ÿCrore+,~ 13ÿThou+
ADHIR RANJAN CHOWDHURY,Baharampur,INC,4,10th Pass,"Rsÿ2,99,43,557","Rsÿ19,26,083"
,,,,,~ 2ÿCrore+,~ 19ÿLacs+
KAMAL KISHOR,Bahraich,INC,1,Graduate,"Rsÿ13,73,495",Rsÿ0
,,,,,~ 13ÿLacs+,~ 
Srikanta Kumar Jena,Balasore,INC,0,Graduate,"Rsÿ59,79,551","Rsÿ8,62,820"
,,,,,~ 59ÿLacs+,~ 8ÿLacs+
NEERAJ SHEKHAR,Ballia,SP,0,Graduate,"Rsÿ2,77,18,262","Rsÿ1,51,00,000"
,,,,,~ 2ÿCrore+,~ 1ÿCrore+
Prasanta Kumar Majumdar,Balurghat,RSP,0,Post Graduate,"Rsÿ16,76,454",Rsÿ0
,,,,,~ 16ÿLacs+,~ 
MUKESH BHAIRAVDANJI GADHAVI,Banaskantha,INC,0,Graduate,"Rsÿ2,26,94,764",Rsÿ0
,,,,,~ 2ÿCrore+,~ 
R. K. SINGH PATEL,Banda,SP,1,Graduate,"Rsÿ3,41,07,955",Rsÿ0
,,,,,~ 3ÿCrore+,~ 
P.C.Mohan,Bangalore Central,BJP,1,12th Pass,"Rsÿ5,37,29,000","Rsÿ3,28,87,000"
,,,,,~ 5ÿCrore+,~ 3ÿCrore+
D.B. Chandre Gowda,Bangalore North,BJP,0,Graduate Professional,"Rsÿ2,08,40,751",Rsÿ0
,,,,,~ 2ÿCrore+,~ 
H D KUMARA SWAMY,Bangalore Rural,JD(S),3,Graduate,"Rsÿ49,16,83,477","Rsÿ33,62,37,223"
,,,,,~ 49ÿCrore+,~ 33ÿCrore+
Ananth Kumar,Bangalore South,BJP,0,Graduate Professional,"Rsÿ1,22,06,366",Rsÿ0
,,,,,~ 1ÿCrore+,~ 
GOBINDA CHANDRA NASKAR,Bangaon,AITC,0,Post Graduate,"Rsÿ25,49,515",Rsÿ0
,,,,,~ 25ÿLacs+,~ 
Acharia Basudeb,Bankura,CPM,0,Post Graduate,"Rsÿ32,49,037",Rsÿ0
,,,,,~ 32ÿLacs+,~ 
KAMLESH PASWAN,Bansgaon,BJP,0,12th Pass,"Rsÿ17,68,000",Rsÿ0
,,,,,~ 17ÿLacs+,~ 
Tara chand,Banswara,INC,0,Post Graduate,"Rsÿ65,18,752","Rsÿ11,22,163"
,,,,,~ 65ÿLacs+,~ 11ÿLacs+
PANABAKA LAKSHMI,Bapatla,INC,0,Post Graduate,"Rsÿ1,66,35,386",Rsÿ0
,,,,,~ 1ÿCrore+,~ 
P.L.PUNIA,Barabanki,INC,0,Doctorate,"Rsÿ1,40,47,833","Rsÿ9,95,370"
,,,,,~ 1ÿCrore+,~ 9ÿLacs+
SUPRIYA SULE,Baramati,NCP,0,Graduate,"Rsÿ51,53,63,663",Rsÿ0
,,,,,~ 51ÿCrore+,~ 
SHARIEF UD DIN SHARIQ,Baramulla,JKN,0,Post Graduate,"Rsÿ1,19,55,000","Rsÿ13,10,000"
,,,,,~ 1ÿCrore+,~ 13ÿLacs+
KAKALI GHOSH DASTIDAR,Barasat,AITC,0,Graduate Professional,"Rsÿ1,25,76,309","Rsÿ3,35,000"
,,,,,~ 1ÿCrore+,~ 3ÿLacs+
ANUP KUMAR SAHA,Bardhaman Purba,CPM,0,Post Graduate,"Rsÿ74,72,944",Rsÿ0
,,,,,~ 74ÿLacs+,~ 
SK. SAIDUL HAQUE,Bardhaman-Durgapur,CPM,0,Post Graduate,"Rsÿ24,14,520","Rsÿ1,28,172"
,,,,,~ 24ÿLacs+,~ 1ÿLacs+
PRAVEEN SINGH ARON,Bareilly,INC,1,Graduate Professional,"Rsÿ28,80,19,293","Rsÿ3,26,22,036"
,,,,,~ 28ÿCrore+,~ 3ÿCrore+
Sanjay Bhoi,Bargarh,INC,0,Graduate,"Rsÿ17,00,000",Rsÿ0
,,,,,~ 17ÿLacs+,~ 
Harish choudhary,Barmer,INC,0,Graduate,"Rsÿ49,53,849","Rsÿ12,95,812"
,,,,,~ 49ÿLacs+,~ 12ÿLacs+
ISMAIL HUSSAIN,Barpeta,INC,0,Post Graduate,"Rsÿ99,31,726",Rsÿ0
,,,,,~ 99ÿLacs+,~ 
DINESH TRIVEDI,Barrackpur,AITC,0,Post Graduate,"Rsÿ2,72,03,930",Rsÿ0
,,,,,~ 2ÿCrore+,~ 
SK. NURUL ISLAM,Basirhat,AITC,0,12th Pass,"Rsÿ11,55,500","Rsÿ8,07,500"
,,,,,~ 11ÿLacs+,~ 8ÿLacs+
Baliram Kashyap,Bastar,BJP,0,8th Pass,"Rsÿ99,48,590","Rsÿ11,66,014"
,,,,,~ 99ÿLacs+,~ 11ÿLacs+
ARVIND KUMAR CHAUDHARY,Basti,BSP,0,12th Pass,"Rsÿ1,86,43,936",Rsÿ0
,,,,,~ 1ÿCrore+,~ 
HARSIMRAT KAUR,Bathinda,SAD,0,10th Pass,"Rsÿ60,31,00,135","Rsÿ13,800"
,,,,,~ 60ÿCrore+,~ 13ÿThou+
MUNDE GOPINATHRAO PANDURANG,Beed,BJP,4,Graduate Professional,"Rsÿ6,22,50,603","Rsÿ4,50,90,238"
,,,,,~ 6ÿCrore+,~ 4ÿCrore+
DR. MONAZIR HASSAN,Begusarai,JD(U),0,Doctorate,"Rsÿ35,83,898","Rsÿ16,82,852"
,,,,,~ 35ÿLacs+,~ 16ÿLacs+
Angadi Suresh Channabasappa,Belgaum,BJP,2,Graduate Professional,"Rsÿ22,17,34,263","Rsÿ4,33,92,842"
,,,,,~ 22ÿCrore+,~ 4ÿCrore+
J. SHANTHA,Bellary,BJP,0,12th Pass,"Rsÿ4,65,72,264",Rsÿ0
,,,,,~ 4ÿCrore+,~ 
Sidhant Mohapatra,Berhampur,BJD,0,Post Graduate,"Rsÿ48,28,474","Rsÿ1,18,884"
,,,,,~ 48ÿLacs+,~ 1ÿLacs+
JYOTI DHURVE,Betul,BJP,0,Post Graduate,"Rsÿ71,35,000","Rsÿ6,38,122"
,,,,,~ 71ÿLacs+,~ 6ÿLacs+
GORAKHNATH,Bhadohi,BSP,0,Post Graduate,"Rsÿ1,01,58,748","Rsÿ4,33,968"
,,,,,~ 1ÿCrore+,~ 4ÿLacs+
Arjun Charan Sethi,Bhadrak,BJD,0,Post Graduate,"Rsÿ1,10,61,000","Rsÿ25,00,000"
,,,,,~ 1ÿCrore+,~ 25ÿLacs+
SYED SHAHNAWAZ HUSSAIN,Bhagalpur,BJP,0,10th Pass,"Rsÿ74,72,000","Rsÿ1,01,000"
,,,,,~ 74ÿLacs+,~ 1ÿLacs+
RATAN SINGH,Bharatpur,INC,0,Graduate Professional,"Rsÿ1,19,67,191","Rsÿ3,35,314"
,,,,,~ 1ÿCrore+,~ 3ÿLacs+
MANSUKHBHAI DHANJIBHAI VASAVA,Bharuch,BJP,0,Graduate,"Rsÿ24,41,000","Rsÿ8,33,462"
,,,,,~ 24ÿLacs+,~ 8ÿLacs+
RAJENDRASINH GHANSHYAMSINH RANA,Bhavnagar,BJP,0,Graduate Professional,"Rsÿ55,08,711",Rsÿ0
,,,,,~ 55ÿLacs+,~ 
C P JOSHI,Bhilwara,INC,0,Doctorate,"Rsÿ2,03,76,956","Rsÿ14,00,000"
,,,,,~ 2ÿCrore+,~ 14ÿLacs+
ASHOK ARGAL,Bhind,BJP,4,12th Pass,"Rsÿ79,72,241","Rsÿ1,00,000"
,,,,,~ 79ÿLacs+,~ 1ÿLacs+
TAWARE SURESH KASHINATH,Bhiwandi,INC,0,Graduate,"Rsÿ10,90,39,952","Rsÿ12,50,000"
,,,,,~ 10ÿCrore+,~ 12ÿLacs+
SHRUTI CHOUDHRY,Bhiwani-Mahendragarh,INC,0,Graduate Professional,"Rsÿ16,72,66,000","Rsÿ1,70,00,000"
,,,,,~ 16ÿCrore+,~ 1ÿCrore+
KOMATIREDDY RAJ GOPAL REDDY,Bhongir,INC,0,Graduate,"Rsÿ19,47,63,618","Rsÿ60,57,899"
,,,,,~ 19ÿCrore+,~ 60ÿLacs+
KAILASH JOSHI,Bhopal,BJP,0,10th Pass,"Rsÿ58,85,927",Rsÿ0
,,,,,~ 58ÿLacs+,~ 
Prasanna Kumar Patasani,Bhubaneswar,BJD,0,Post Graduate,"Rsÿ14,77,178",Rsÿ0
,,,,,~ 14ÿLacs+,~ 
N. Dharamsingh,Bidar,INC,5,Post Graduate,"Rsÿ14,23,94,557","Rsÿ4,39,58,832"
,,,,,~ 14ÿCrore+,~ 4ÿCrore+
Jigajinagi Ramesh Chandappa,Bijapur,BJP,0,Graduate,"Rsÿ1,17,53,725","Rsÿ39,02,460"
,,,,,~ 1ÿCrore+,~ 39ÿLacs+
SANJAY SINGH CHAUHAN,Bijnor,RLD,0,Graduate Professional,"Rsÿ3,53,52,625","Rsÿ52,54,245"
,,,,,~ 3ÿCrore+,~ 52ÿLacs+
ARJUN RAM MEGHWAL,Bikaner,BJP,0,Post Graduate,"Rsÿ25,63,467",Rsÿ0
,,,,,~ 25ÿLacs+,~ 
SATABDI ROY (BANERJEE),Birbhum,AITC,0,12th Pass,"Rsÿ1,31,48,000","Rsÿ5,26,321"
,,,,,~ 1ÿCrore+,~ 5ÿLacs+
Susmita Bauri,Bishnupur,CPM,0,Graduate Professional,"Rsÿ10,78,000","Rsÿ1,74,660"
,,,,,~ 10ÿLacs+,~ 1ÿLacs+
KALIKESH NARAYAN SINGH DEO,Bolangir,BJD,2,Graduate,"Rsÿ3,61,48,185","Rsÿ14,31,104"
,,,,,~ 3ÿCrore+,~ 14ÿLacs+
RAM CHANDRA DOME,Bolpur,CPM,0,Graduate Professional,"Rsÿ7,39,396",Rsÿ0
,,,,,~ 7ÿLacs+,~ 
KAMLESH,Bulandshahr,SP,0,5th Pass,"Rsÿ8,44,005",Rsÿ0
,,,,,~ 8ÿLacs+,~ 
JADHAV PRATAPRAO GANPATRAO,Buldhana,SHS,10,Graduate,"Rsÿ1,20,52,820","Rsÿ45,41,550"
,,,,,~ 1ÿCrore+,~ 45ÿLacs+
Jagda Nand singh,Buxar,RJD,1,Graduate Professional,"Rsÿ65,65,488","Rsÿ12,263"
,,,,,~ 65ÿLacs+,~ 12ÿThou+
K P Dhanapalan,Chalakudy,INC,1,Graduate,"Rsÿ29,54,364",Rsÿ0
,,,,,~ 29ÿLacs+,~ 
R.DHRUVANARAYANA,Chamarajanagar,INC,0,Post Graduate,"Rsÿ1,67,29,619","Rsÿ38,96,431"
,,,,,~ 1ÿCrore+,~ 38ÿLacs+
RAMKISHUN,Chandauli,SP,10,Graduate Professional,"Rsÿ46,72,785",Rsÿ0
,,,,,~ 46ÿLacs+,~ 
PAWAN KUMAR BANSAL,Chandigarh,INC,0,Graduate Professional,"Rsÿ3,87,29,400",Rsÿ0
,,,,,~ 3ÿCrore+,~ 
KAPIL SIBAL,Chandni Chowk,INC,0,Post Graduate,"Rsÿ31,97,22,459",Rsÿ0
,,,,,~ 31ÿCrore+,~ 
AHIR HANSARAJ GANGARAM,Chandrapur,BJP,30,10th Pass,"Rsÿ80,84,050","Rsÿ2,62,243"
,,,,,~ 80ÿLacs+,~ 2ÿLacs+
Inder Singh Namdhari,Chatra,IND,0,Graduate Professional,"Rsÿ2,12,77,657",Rsÿ0
,,,,,~ 2ÿCrore+,~ 
RAJENDRAN C,Chennai South,ADMK,0,Graduate Professional,"Rsÿ2,79,66,678",Rsÿ0
,,,,,~ 2ÿCrore+,~ 
Sudini Jaipal Reddy,Chevella,INC,0,Post Graduate,"Rsÿ5,61,50,333","Rsÿ20,42,919"
,,,,,~ 5ÿCrore+,~ 20ÿLacs+
RAMSINHBHAI PATALBHAI RATHAVA,Chhota Udaipur,BJP,0,10th Pass,"Rsÿ1,05,01,785","Rsÿ66,24,317"
,,,,,~ 1ÿCrore+,~ 66ÿLacs+
"THIRUMAAVALAVAN, THOL",Chidambaram,VCK,2,Post Graduate,"Rsÿ23,47,700","Rsÿ8,81,000"
,,,,,~ 23ÿLacs+,~ 8ÿLacs+
M. Veerappa Moily,Chikkballapur,INC,0,Graduate,"Rsÿ2,93,74,446","Rsÿ10,83,264"
,,,,,~ 2ÿCrore+,~ 10ÿLacs+
KATTI RAMESH VISHWANATH,Chikkodi,BJP,1,12th Pass,"Rsÿ2,83,52,578",Rsÿ0
,,,,,~ 2ÿCrore+,~ 
JANARDHANA SWAMY,Chitradurga,BJP,0,Post Graduate,"Rsÿ2,28,36,000",Rsÿ0
,,,,,~ 2ÿCrore+,~ 
NARAMALLI SIVAPRASAD,Chittoor,TDP,0,Graduate Professional,"Rsÿ60,11,000",Rsÿ0
,,,,,~ 60ÿLacs+,~ 
GIRIJA VYAS,Chittorgarh,INC,1,Doctorate,"Rsÿ87,21,354",Rsÿ0
,,,,,~ 87ÿLacs+,~ 
RAM SINGH KASWAN,Churu,BJP,0,Graduate Professional,"Rsÿ2,74,03,097",Rsÿ0
,,,,,~ 2ÿCrore+,~ 
NATARAJAN.P.R.,Coimbatore,CPM,0,Graduate,"Rsÿ17,67,722",Rsÿ0
,,,,,~ 17ÿLacs+,~ 
Nripendra Nath Ray,Coochbehar,AIFB,1,Graduate,"Rsÿ11,33,170",Rsÿ0
,,,,,~ 11ÿLacs+,~ 
ALAGIRI S,Cuddalore,INC,0,Graduate,"Rsÿ1,18,66,846","Rsÿ7,81,36,525"
,,,,,~ 1ÿCrore+,~ 7ÿCrore+
Bhartruhari Mahtab,Cuttack,BJD,0,Post Graduate,"Rsÿ5,07,93,831",Rsÿ0
,,,,,~ 5ÿCrore+,~ 
PATEL NATUBHAI GOMANBHAI,Dadra & Nagar Haveli,BJP,3,5th Pass,"Rsÿ8,34,94,860","Rsÿ34,26,035"
,,,,,~ 8ÿCrore+,~ 34ÿLacs+
PRABHABEN KISHORESINH TAVIAD,Dahod,INC,0,Graduate Professional,"Rsÿ68,23,687",Rsÿ0
,,,,,~ 68ÿLacs+,~ 
Nalin Kumar Kateel,Dakshina Kannada,BJP,1,10th Pass,"Rsÿ53,91,279","Rsÿ28,44,596"
,,,,,~ 53ÿLacs+,~ 28ÿLacs+
LALUBHAI PATEL,Daman & Diu,BJP,0,10th Pass,"Rsÿ3,68,79,385","Rsÿ21,35,939"
,,,,,~ 3ÿCrore+,~ 21ÿLacs+
SHIVRAJ BHAIYA,Damoh,BJP,0,12th Pass,"Rsÿ89,29,326","Rsÿ2,86,513"
,,,,,~ 89ÿLacs+,~ 2ÿLacs+
KIRTI AZAD,Darbhanga,BJP,3,Graduate,"Rsÿ97,89,047",Rsÿ0
,,,,,~ 97ÿLacs+,~ 
Jaswant Singh,Darjeeling,BJP,0,Graduate,"Rsÿ8,35,71,845","Rsÿ7,44,864"
,,,,,~ 8ÿCrore+,~ 7ÿLacs+
Siddeswara.G.M,Davanagere,BJP,0,10th Pass,"Rsÿ14,02,48,867","Rsÿ42,63,675"
,,,,,~ 14ÿCrore+,~ 42ÿLacs+
GORAKH PRASAD JAISWAL,Deoria,BSP,0,10th Pass,"Rsÿ2,42,17,040",Rsÿ0
,,,,,~ 2ÿCrore+,~ 
SAJJAN SINGH VERMA,Dewas,INC,0,Post Graduate,"Rsÿ2,70,42,325","Rsÿ11,04,525"
,,,,,~ 2ÿCrore+,~ 11ÿLacs+
PASHUPATI NATH SINGH,Dhanbad,BJP,2,Graduate,"Rsÿ39,43,516",Rsÿ0
,,,,,~ 39ÿLacs+,~ 
GAJENDRASINGH RAJUKHEDI,Dhar,INC,0,Graduate Professional,"Rsÿ2,06,53,466",Rsÿ0
,,,,,~ 2ÿCrore+,~ 
THAMARAISELVAN. R,Dharmapuri,DMK,0,Graduate Professional,"Rsÿ38,67,546","Rsÿ4,60,146"
,,,,,~ 38ÿLacs+,~ 4ÿLacs+
Pralhad Joshi,Dharwad,BJP,0,Graduate,"Rsÿ1,44,12,674","Rsÿ31,82,357"
,,,,,~ 1ÿCrore+,~ 31ÿLacs+
KUNWAR JITIN PRASAD,Dhaurahra,INC,0,Post Graduate,"Rsÿ3,26,56,975",Rsÿ0
,,,,,~ 3ÿCrore+,~ 
Tathagata Satpathy,Dhenkanal,BJD,13,12th Pass,"Rsÿ55,15,930",Rsÿ0
,,,,,~ 55ÿLacs+,~ 
BADRUDDIN AJMAL,Dhubri,AUDF,0,Literate,"Rsÿ30,35,20,991",Rsÿ0
,,,,,~ 30ÿCrore+,~ 
SONAWANE PRATAP NARAYANRAO,Dhule,BJP,0,Graduate Professional,"Rsÿ14,21,57,029","Rsÿ65,81,693"
,,,,,~ 14ÿCrore+,~ 65ÿLacs+
SOMENDRA NATH MITRA,Diamond Harbour,AITC,0,Graduate Professional,"Rsÿ1,47,30,832","Rsÿ1,57,500"
,,,,,~ 1ÿCrore+,~ 1ÿLacs+
SRI PABAN SINGH GHATOWAR,Dibrugarh,INC,0,Graduate,"Rsÿ97,97,014",Rsÿ0
,,,,,~ 97ÿLacs+,~ 
CHITTHAN N S V,Dindigul,INC,0,Graduate,"Rsÿ1,70,35,764",Rsÿ0
,,,,,~ 1ÿCrore+,~ 
CHAVAN HARISHCHANDRA DEORAM,Dindori,BJP,1,Graduate,"Rsÿ85,15,581","Rsÿ15,20,114"
,,,,,~ 85ÿLacs+,~ 15ÿLacs+
JAGDAMBIKA PAL,Domariyaganj,INC,1,Post Graduate,"Rsÿ4,97,20,730","Rsÿ45,66,564"
,,,,,~ 4ÿCrore+,~ 45ÿLacs+
SAUGATA RAY,Dum Dum,AITC,0,Post Graduate,"Rsÿ39,71,408",Rsÿ0
,,,,,~ 39ÿLacs+,~ 
SHIBU SOREN,Dumka,JMM,3,10th Pass,"Rsÿ82,29,419","Rsÿ72,65,635"
,,,,,~ 82ÿLacs+,~ 72ÿLacs+
SAROJ PANDEY,Durg,BJP,0,Post Graduate,"Rsÿ3,79,787","Rsÿ6,67,787"
,,,,,~ 3ÿLacs+,~ 6ÿLacs+
SANDEEP DIKSHIT,East Delhi,INC,0,Post Graduate,"Rsÿ1,81,46,428","Rsÿ19,80,887"
,,,,,~ 1ÿCrore+,~ 19ÿLacs+
KAVURI SAMBASIVA RAO,Eluru,INC,0,Graduate Professional,"Rsÿ12,60,50,111","Rsÿ9,45,674"
,,,,,~ 12ÿCrore+,~ 9ÿLacs+
Prof K V Thomas,Ernakulam,INC,0,Post Graduate,"Rsÿ1,50,41,664","Rsÿ22,09,490"
,,,,,~ 1ÿCrore+,~ 22ÿLacs+
GANESHAMURTHI.A.,Erode,MDMK,1,Graduate,"Rsÿ2,67,29,518","Rsÿ10,85,323"
,,,,,~ 2ÿCrore+,~ 10ÿLacs+
PREMDAS,Etawah,SP,1,Graduate,"Rsÿ42,28,828",Rsÿ0
,,,,,~ 42ÿLacs+,~ 
NIRMAL KHATRI,Faizabad,INC,0,Doctorate,"Rsÿ66,70,000","Rsÿ5,771"
,,,,,~ 66ÿLacs+,~ 5ÿThou+
AVTAR SINGH BHADANA,Faridabad,INC,1,8th Pass,"Rsÿ4,05,73,585",Rsÿ0
,,,,,~ 4ÿCrore+,~ 
PARAMJIT KAUR GULSHAN,Faridkot,SAD,0,Post Graduate,"Rsÿ1,42,08,609","Rsÿ21,85,837"
,,,,,~ 1ÿCrore+,~ 21ÿLacs+
SALMAN KHURSHEED,Farrukhabad,INC,0,Post Graduate,"Rsÿ2,61,40,421","Rsÿ47,65,556"
,,,,,~ 2ÿCrore+,~ 47ÿLacs+
SUKHDEV SINGH,Fatehgarh Sahib,INC,0,10th Pass,"Rsÿ1,70,83,247",Rsÿ0
,,,,,~ 1ÿCrore+,~ 
RAKESH SACHAN,Fatehpur,SP,7,Post Graduate,"Rsÿ4,09,55,595",Rsÿ0
,,,,,~ 4ÿCrore+,~ 
SEEMA UPADHAYAY,Fatehpur Sikri,BSP,0,Graduate,"Rsÿ2,65,45,096","Rsÿ15,95,708"
,,,,,~ 2ÿCrore+,~ 15ÿLacs+
AKHILESH YADAV,Firozabad,SP,0,Graduate Professional,"Rsÿ4,44,09,557","Rsÿ77,26,354"
,,,,,~ 4ÿCrore+,~ 77ÿLacs+
SHER SINGH GHUBAYA,Firozpur,SAD,0,10th Pass,"Rsÿ3,19,69,676","Rsÿ36,98,744"
,,,,,~ 3ÿCrore+,~ 36ÿLacs+
KOWASE MAROTRAO SAINUJI,Gadchiroli-Chimur,INC,0,Graduate,"Rsÿ1,07,76,756","Rsÿ5,00,000"
,,,,,~ 1ÿCrore+,~ 5ÿLacs+
LALKRISHNA KISHANCHAND ADVANI,Gandhinagar,BJP,1,Graduate Professional,"Rsÿ3,55,43,172",Rsÿ0
,,,,,~ 3ÿCrore+,~ 
BHARAT RAM MEGHWAL,Ganganagar,INC,0,Graduate Professional,"Rsÿ50,16,000","Rsÿ4,00,000"
,,,,,~ 50ÿLacs+,~ 4ÿLacs+
SATPAL MAHARAJ,Garhwal,INC,0,12th Pass,"Rsÿ11,21,36,795",Rsÿ0
,,,,,~ 11ÿCrore+,~ 
BIJOYA CHAKRAVARTY,Gauhati,BJP,0,Post Graduate,"Rsÿ18,70,000",Rsÿ0
,,,,,~ 18ÿLacs+,~ 
SURENDRA SINGH NAGAR,Gautam Budhha Nagar,BSP,2,Graduate,"Rsÿ49,20,84,300",Rsÿ0
,,,,,~ 49ÿCrore+,~ 
Hari Manjhi,Gaya,BJP,0,8th Pass,"Rsÿ14,71,374","Rsÿ3,89,075"
,,,,,~ 14ÿLacs+,~ 3ÿLacs+
Gurudas Dasgupta,Ghatal,CPI,0,Post Graduate,"Rsÿ36,54,001",Rsÿ0
,,,,,~ 36ÿLacs+,~ 
RAJNATH SINGH,Ghaziabad,BJP,1,Post Graduate,"Rsÿ1,49,02,703",Rsÿ0
,,,,,~ 1ÿCrore+,~ 
RADHEY MOHAN SINGH,Ghazipur,SP,1,Graduate,"Rsÿ2,20,62,609","Rsÿ17,52,447"
,,,,,~ 2ÿCrore+,~ 17ÿLacs+
DARA SINGH CHAUHAN,Ghosi,BSP,2,10th Pass,"Rsÿ20,44,115","Rsÿ9,27,848"
,,,,,~ 20ÿLacs+,~ 9ÿLacs+
RAVINDRA KUMAR PANDEY,Giridih,BJP,1,Graduate,"Rsÿ3,27,22,762","Rsÿ33,17,725"
,,,,,~ 3ÿCrore+,~ 33ÿLacs+
NISHIKANT DUBEY,Godda,BJP,0,Post Graduate,"Rsÿ10,10,37,987",Rsÿ0
,,,,,~ 10ÿCrore+,~ 
BENI PRASAD VERMA,Gonda,INC,0,Graduate Professional,"Rsÿ2,01,83,574","Rsÿ80,932"
,,,,,~ 2ÿCrore+,~ 80ÿThou+
PURNAMASI RAM,Gopalganj,JD(U),1,10th Pass,"Rsÿ34,21,562","Rsÿ5,33,024"
,,,,,~ 34ÿLacs+,~ 5ÿLacs+
ADITYA NATH,Gorakhpur,BJP,2,Graduate,"Rsÿ21,82,212",Rsÿ0
,,,,,~ 21ÿLacs+,~ 
Mallikarjun Kharge,Gulbarga,INC,0,Graduate Professional,"Rsÿ5,06,46,533","Rsÿ55,08,946"
,,,,,~ 5ÿCrore+,~ 55ÿLacs+
JYOTIRADITYA MADHAVRAO SCINDIA,Guna,INC,0,Post Graduate,"Rsÿ14,90,94,212",Rsÿ0
,,,,,~ 14ÿCrore+,~ 
SAMBASIVA RAO RAYAPATI,Guntur,INC,3,Graduate,"Rsÿ14,71,43,582","Rsÿ4,52,04,329"
,,,,,~ 14ÿCrore+,~ 4ÿCrore+
PARTAP SINGH BAJWA,Gurdaspur,INC,0,Graduate,"Rsÿ6,80,53,249","Rsÿ1,00,000"
,,,,,~ 6ÿCrore+,~ 1ÿLacs+
INDERJIT SINGH,Gurgaon,INC,0,Graduate Professional,"Rsÿ6,73,83,257","Rsÿ96,692"
,,,,,~ 6ÿCrore+,~ 96ÿThou+
RAM SUNDAR DAS,Hajipur,JD(U),0,10th Pass,"Rsÿ27,96,489","Rsÿ11,16,705"
,,,,,~ 27ÿLacs+,~ 11ÿLacs+
ANURAG SINGH THAKUR,Hamirpur,BJP,0,Graduate,"Rsÿ2,41,50,103","Rsÿ25,04,550"
,,,,,~ 2ÿCrore+,~ 25ÿLacs+
VIJAY BAHADUR SINGH,Hamirpur,BSP,0,Graduate Professional,"Rsÿ4,29,56,873","Rsÿ6,23,689"
,,,,,~ 4ÿCrore+,~ 6ÿLacs+
USHA VERMA,Hardoi,SP,0,Post Graduate,"Rsÿ1,01,11,699","Rsÿ5,00,000"
,,,,,~ 1ÿCrore+,~ 5ÿLacs+
HARISH RAWAT,Hardwar,INC,1,Graduate Professional,"Rsÿ1,18,25,335",Rsÿ0
,,,,,~ 1ÿCrore+,~ 
H. D. Devegowda,Hassan,JD(S),0,Others,"Rsÿ1,96,24,664","Rsÿ64,99,000"
,,,,,~ 1ÿCrore+,~ 64ÿLacs+
SARIKA SINGH,Hathras,RLD,0,Post Graduate,"Rsÿ8,25,272",Rsÿ0
,,,,,~ 8ÿLacs+,~ 
SHETTI RAJU ALIAS DEVAPPA ANNA,Hatkanangle,SWP,0,10th Pass,"Rsÿ22,53,785","Rsÿ1,04,341"
,,,,,~ 22ÿLacs+,~ 1ÿLacs+
SHIVAKUMAR CHANNABASAPPA UDASI,Haveri,BJP,0,Graduate,"Rsÿ32,33,61,935","Rsÿ3,38,33,437"
,,,,,~ 32ÿCrore+,~ 3ÿCrore+
YASHWANT SINHA,Hazaribagh,BJP,1,Post Graduate,"Rsÿ3,65,76,217",Rsÿ0
,,,,,~ 3ÿCrore+,~ 
KRISTAPPA NIMMALA,Hindupur,TDP,0,Graduate,"Rsÿ1,59,17,465","Rsÿ12,16,390"
,,,,,~ 1ÿCrore+,~ 12ÿLacs+
SUBHASH BAPURAO WANKHEDE,Hingoli,SHS,4,10th Pass,"Rsÿ34,88,000","Rsÿ4,84,000"
,,,,,~ 34ÿLacs+,~ 4ÿLacs+
BHAJAN LAL,Hisar,HJC(BL),0,12th Pass,"Rsÿ6,51,13,381","Rsÿ73,54,075"
,,,,,~ 6ÿCrore+,~ 73ÿLacs+
RATNA DE,Hooghly,AITC,0,Graduate Professional,"Rsÿ87,30,448",Rsÿ0
,,,,,~ 87ÿLacs+,~ 
SANTOSH CHOWDHARY,Hoshiarpur,INC,0,Graduate Professional,"Rsÿ2,68,16,253",Rsÿ0
,,,,,~ 2ÿCrore+,~ 
AMBICA BANERJEE,Howrah,AITC,1,Graduate Professional,"Rsÿ6,29,26,674","Rsÿ72,33,333"
,,,,,~ 6ÿCrore+,~ 72ÿLacs+
Asaduddin Owaisi,Hyderabad,AIMIM,4,Graduate Professional,"Rsÿ93,02,233",Rsÿ0
,,,,,~ 93ÿLacs+,~ 
Adv P T Thomas,Idukki,INC,0,Post Graduate,"Rsÿ39,84,094","Rsÿ4,48,284"
,,,,,~ 39ÿLacs+,~ 4ÿLacs+
SUMITRA MAHAJAN (TAI),Indore,BJP,0,Post Graduate,"Rsÿ79,74,006","Rsÿ44,29,400"
,,,,,~ 79ÿLacs+,~ 44ÿLacs+
DR. THOKCHOM MEINYA,Inner Manipur,INC,0,Doctorate,"Rsÿ16,39,200",Rsÿ0
,,,,,~ 16ÿLacs+,~ 
RAKESH SINGH,Jabalpur,BJP,0,Graduate,"Rsÿ92,31,699","Rsÿ10,545"
,,,,,~ 92ÿLacs+,~ 10ÿThou+
KABIR SUMAN,Jadavpur,AITC,0,Graduate,"Rsÿ32,06,685",Rsÿ0
,,,,,~ 32ÿLacs+,~ 
Bibhu Prasad Tarai,Jagatsinghpur,CPI,0,Post Graduate,"Rsÿ44,60,251","Rsÿ43,000"
,,,,,~ 44ÿLacs+,~ 43ÿThou+
MAHESH JOSHI,Jaipur,INC,0,Doctorate,"Rsÿ1,03,88,500","Rsÿ12,45,000"
,,,,,~ 1ÿCrore+,~ 12ÿLacs+
LAL CHAND KATARIA,Jaipur Rural,INC,0,10th Pass,"Rsÿ3,06,50,401","Rsÿ7,02,835"
,,,,,~ 3ÿCrore+,~ 7ÿLacs+
Mohan Jena,Jajpur,BJD,0,Post Graduate,"Rsÿ30,46,404",Rsÿ0
,,,,,~ 30ÿLacs+,~ 
MOHINDER SINGH KAYPEE,Jalandhar,INC,0,Graduate Professional,"Rsÿ4,81,96,591","Rsÿ1,25,000"
,,,,,~ 4ÿCrore+,~ 1ÿLacs+
GHANSYAM ANURAGI,Jalaun,SP,2,Post Graduate,"Rsÿ63,50,833",Rsÿ0
,,,,,~ 63ÿLacs+,~ 
A.T. NANA PATIL,Jalgaon,BJP,0,Graduate,"Rsÿ10,38,39,607","Rsÿ92,00,000"
,,,,,~ 10ÿCrore+,~ 92ÿLacs+
DANVE RAOSAHEB DADARAO,Jalna,BJP,3,12th Pass,"Rsÿ2,42,71,518","Rsÿ5,30,771"
,,,,,~ 2ÿCrore+,~ 5ÿLacs+
DEV JI PATEL,Jalore,BJP,0,10th Pass,"Rsÿ1,12,61,830",Rsÿ0
,,,,,~ 1ÿCrore+,~ 
Mahendra Kumar Roy,Jalpaiguri,CPM,0,Graduate Professional,"Rsÿ28,78,591",Rsÿ0
,,,,,~ 28ÿLacs+,~ 
MADAN LAL SHARMA,Jammu,INC,1,10th Pass,"Rsÿ1,18,82,734","Rsÿ1,49,750"
,,,,,~ 1ÿCrore+,~ 1ÿLacs+
VIKRAMBHAI ARJANBHAI MADAM,Jamnagar,INC,0,Graduate,"Rsÿ1,55,90,109","Rsÿ4,00,000"
,,,,,~ 1ÿCrore+,~ 4ÿLacs+
ARJUN MUNDA,Jamshedpur,BJP,2,Graduate Professional,"Rsÿ1,23,84,895","Rsÿ1,76,069"
,,,,,~ 1ÿCrore+,~ 1ÿLacs+
BHUDEO CHOUDHARY,Jamui,JD(U),0,Graduate Professional,"Rsÿ40,79,000","Rsÿ2,89,192"
,,,,,~ 40ÿLacs+,~ 2ÿLacs+
PRANAB MUKHERJEE,Jangipur,INC,0,Doctorate,"Rsÿ2,69,20,479",Rsÿ0
,,,,,~ 2ÿCrore+,~ 
Kamaladevi Patale,Janjgir-Champa,BJP,0,12th Pass,"Rsÿ35,56,426","Rsÿ80,000"
,,,,,~ 35ÿLacs+,~ 80ÿThou+
DHANANJAY SINGH,Jaunpur,BSP,1,Post Graduate,"Rsÿ43,62,656","Rsÿ6,78,982"
,,,,,~ 43ÿLacs+,~ 6ÿLacs+
DR. TARUN MONDAL,Jaynagar,IND,0,Graduate Professional,"Rsÿ18,56,636","Rsÿ5,600"
,,,,,~ 18ÿLacs+,~ 5ÿThou+
DUSHYANT SINGH,Jhalawar-Baran,BJP,0,Post Graduate,"Rsÿ6,41,10,900","Rsÿ27,79,153"
,,,,,~ 6ÿCrore+,~ 27ÿLacs+
MANGANI LAL MANDAL,Jhanjharpur,JD(U),2,Post Graduate,"Rsÿ53,98,803","Rsÿ17,09,884"
,,,,,~ 53ÿLacs+,~ 17ÿLacs+
PRADEEP KUMAR JAIN,Jhansi,INC,2,Post Graduate,"Rsÿ33,43,719",Rsÿ0
,,,,,~ 33ÿLacs+,~ 
Pulin Bihari Baske,Jhargram,CPM,0,Graduate Professional,"Rsÿ14,84,298",Rsÿ0
,,,,,~ 14ÿLacs+,~ 
CHANDRESH KUMARI,Jodhpur,INC,0,12th Pass,"Rsÿ13,28,81,067","Rsÿ60,744"
,,,,,~ 13ÿCrore+,~ 60ÿThou+
BIJOY KRISHNA HANDIQUE,Jorhat,INC,0,Post Graduate,"Rsÿ1,54,28,123",Rsÿ0
,,,,,~ 1ÿCrore+,~ 
DINUBHAI BOGHABHAI SOLANKI,Junagadh,BJP,1,Graduate,"Rsÿ1,94,60,865","Rsÿ59,45,896"
,,,,,~ 1ÿCrore+,~ 59ÿLacs+
POONAMBEN VELJIBHAI JAT,Kachchh,BJP,1,12th Pass,"Rsÿ5,24,126",Rsÿ0
,,,,,~ 5ÿLacs+,~ 
Y.S. Jagan Mohan Reddy,Kadapa,INC,0,Graduate,"Rsÿ72,81,51,658","Rsÿ6,63,96,966"
,,,,,~ 72ÿCrore+,~ 6ÿCrore+
TABASSUM BEGAM,Kairana,BSP,0,10th Pass,"Rsÿ1,16,67,328",Rsÿ0
,,,,,~ 1ÿCrore+,~ 
BRIJBHUSHAN SARAN SINGH,Kaiserganj,SP,2,Graduate Professional,"Rsÿ5,35,37,885",Rsÿ0
,,,,,~ 5ÿCrore+,~ 
M M Pallamraju,Kakinada,INC,0,Post Graduate,"Rsÿ6,55,89,882","Rsÿ11,12,763"
,,,,,~ 6ÿCrore+,~ 11ÿLacs+
Bhakta Charan Das,Kalahandi,INC,4,Graduate Professional,"Rsÿ55,82,100","Rsÿ20,61,217"
,,,,,~ 55ÿLacs+,~ 20ÿLacs+
DIP GOGOI,Kaliabor,INC,0,Graduate,"Rsÿ25,39,058",Rsÿ0
,,,,,~ 25ÿLacs+,~ 
SANKAR ADHI,Kallakurichi,DMK,1,Graduate Professional,"Rsÿ1,78,37,266","Rsÿ9,86,068"
,,,,,~ 1ÿCrore+,~ 9ÿLacs+
ANAND PRAKASH PARANJAPE,Kalyan,SHS,1,Post Graduate,"Rsÿ1,19,98,220","Rsÿ38,71,225"
,,,,,~ 1ÿCrore+,~ 38ÿLacs+
VISWANATHAN.P,Kancheepuram,INC,0,Graduate,"Rsÿ56,85,495","Rsÿ22,46,494"
,,,,,~ 56ÿLacs+,~ 22ÿLacs+
Rudra Madhab Ray,Kandhamal,BJD,0,Graduate,"Rsÿ43,87,647","Rsÿ5,66,588"
,,,,,~ 43ÿLacs+,~ 5ÿLacs+
DR. RAJAN SUSHANT,Kangra,BJP,0,Graduate Professional,"Rsÿ1,10,24,873","Rsÿ24,88,285"
,,,,,~ 1ÿCrore+,~ 24ÿLacs+
Sohan Potai,Kanker,BJP,0,Post Graduate,"Rsÿ82,61,296",Rsÿ0
,,,,,~ 82ÿLacs+,~ 
AKHILESH YADAV,Kannauj,SP,0,Graduate Professional,"Rsÿ4,85,82,202","Rsÿ77,26,354"
,,,,,~ 4ÿCrore+,~ 77ÿLacs+
HELEN DAVIDSON J,Kanniyakumari,DMK,0,Post Graduate,"Rsÿ4,84,55,728","Rsÿ21,23,538"
,,,,,~ 4ÿCrore+,~ 21ÿLacs+
K Sudhakaran Kavinte Arikathu,Kannur,INC,3,Post Graduate,"Rsÿ73,59,040","Rsÿ6,00,000"
,,,,,~ 73ÿLacs+,~ 6ÿLacs+
SRI PRAKASH JAISWAL,Kanpur,INC,0,12th Pass,"Rsÿ3,07,67,980",Rsÿ0
,,,,,~ 3ÿCrore+,~ 
ADHIKARI SISIR KUMAR,Kanthi,AITC,1,12th Pass,"Rsÿ10,83,159",Rsÿ0
,,,,,~ 10ÿLacs+,~ 
Mahabali Singh,Karakat,JD(U),3,8th Pass,"Rsÿ61,94,257",Rsÿ0
,,,,,~ 61ÿLacs+,~ 
KHILADI LAL BAIRWA,Karauli-Dholpur,INC,0,Graduate,"Rsÿ6,28,02,340","Rsÿ56,93,479"
,,,,,~ 6ÿCrore+,~ 56ÿLacs+
Lalit Mohan Suklabaidya,Karimganj,INC,0,Post Graduate,"Rsÿ46,44,049",Rsÿ0
,,,,,~ 46ÿLacs+,~ 
Ponnam Prabhakar,Karimnagar,INC,0,Graduate Professional,"Rsÿ12,87,000",Rsÿ0
,,,,,~ 12ÿLacs+,~ 
ARVIND KUMAR SHARMA,Karnal,INC,0,Post Graduate,"Rsÿ1,90,71,256",Rsÿ0
,,,,,~ 1ÿCrore+,~ 
TAMBIDURAI.M,Karur,ADMK,2,Doctorate,"Rsÿ9,37,50,227",Rsÿ0
,,,,,~ 9ÿCrore+,~ 
P.Karunakaran,Kasaragod,CPM,12,Post Graduate,"Rsÿ1,78,23,645",Rsÿ0
,,,,,~ 1ÿCrore+,~ 
NIKHIL KUMAR CHOUDHARY,Katihar,BJP,4,Graduate,"Rsÿ80,18,754","Rsÿ8,02,308"
,,,,,~ 80ÿLacs+,~ 8ÿLacs+
SHAILENDRA KUMAR,Kaushambi,SP,0,Graduate,"Rsÿ2,08,00,327",Rsÿ0
,,,,,~ 2ÿCrore+,~ 
Baijayant Panda,Kendrapara,BJD,0,Graduate Professional,"Rsÿ16,11,00,792","Rsÿ4,51,767"
,,,,,~ 16ÿCrore+,~ 4ÿLacs+
Yashbanta Narayan Singh Laguri,Keonjhar,BJD,6,Graduate,"Rsÿ5,75,000","Rsÿ1,50,00,000"
,,,,,~ 5ÿLacs+,~ 1ÿCrore+
DR. RATTAN SINGH AJNALA,Khadoor Sahib,SAD,1,Graduate Professional,"Rsÿ1,87,74,102",Rsÿ0
,,,,,~ 1ÿCrore+,~ 
DINESH CHANDRA YADAV,Khagaria,JD(U),0,Others,"Rsÿ63,05,253","Rsÿ15,922"
,,,,,~ 63ÿLacs+,~ 15ÿThou+
JEETENDRA SINGH,Khajuraho,BJP,0,Post Graduate,"Rsÿ1,05,96,506",Rsÿ0
,,,,,~ 1ÿCrore+,~ 
Nama Nageswara Rao,Khammam,TDP,0,12th Pass,"Rsÿ1,73,75,08,117",Rsÿ0
,,,,,~ 173ÿCrore+,~ 
ARUN SUBHASHCHANDRA YADAV,Khandwa,INC,1,Graduate,"Rsÿ5,32,89,688","Rsÿ2,75,62,966"
,,,,,~ 5ÿCrore+,~ 2ÿCrore+
MAKNSINGH SOLANKI (BABUJI),Khargone,BJP,0,5th Pass,"Rsÿ58,38,265","Rsÿ2,04,826"
,,,,,~ 58ÿLacs+,~ 2ÿLacs+
DINSHA ZAVARBHAI PATEL,Kheda,INC,0,10th Pass,"Rsÿ2,30,65,019","Rsÿ34,80,352"
,,,,,~ 2ÿCrore+,~ 34ÿLacs+
ZAFAR ALI NAQVI,Kheri,INC,0,Graduate Professional,"Rsÿ39,79,881",Rsÿ0
,,,,,~ 39ÿLacs+,~ 
KARIYA MUNDA,Khunti,BJP,0,Post Graduate,"Rsÿ59,89,638","Rsÿ1,33,125"
,,,,,~ 59ÿLacs+,~ 1ÿLacs+
MOHAMMAD ASRARUL HAQUE,Kishanganj,INC,0,Post Graduate,"Rsÿ36,46,860",Rsÿ0
,,,,,~ 36ÿLacs+,~ 
Babu Lal Marandi,Kodarma,JVM(P),1,Graduate,"Rsÿ21,37,675",Rsÿ0
,,,,,~ 21ÿLacs+,~ 
SANSUMA KHUNGGUR BWISWMUTHIARY,Kokrajhar,BPF,0,Graduate,"Rsÿ49,54,903","Rsÿ4,64,860"
,,,,,~ 49ÿLacs+,~ 4ÿLacs+
K.H.Muniyappa,Kolar,INC,0,Graduate Professional,"Rsÿ5,19,21,402","Rsÿ2,10,19,510"
,,,,,~ 5ÿCrore+,~ 2ÿCrore+
SADASHIVRAO MANDLIK DADOBA,Kolhapur,IND,0,Graduate,"Rsÿ1,15,52,012",Rsÿ0
,,,,,~ 1ÿCrore+,~ 
MAMATA BANERJEE,Kolkata Dakshin,AITC,0,Post Graduate,"Rsÿ4,73,194",Rsÿ0
,,,,,~ 4ÿLacs+,~ 
SUDIP BANDYOPADHYAY,Kolkata Uttar,AITC,0,Graduate,"Rsÿ41,87,479","Rsÿ1,96,283"
,,,,,~ 41ÿLacs+,~ 1ÿLacs+
N Peethambarakurup,Kollam,INC,2,Graduate,"Rsÿ28,10,132",Rsÿ0
,,,,,~ 28ÿLacs+,~ 
Shivaramgouda,Koppal,BJP,0,Graduate Professional,"Rsÿ1,45,18,988","Rsÿ30,78,847"
,,,,,~ 1ÿCrore+,~ 30ÿLacs+
Jayaram Pangi,Koraput,BJD,0,10th Pass,"Rsÿ61,82,372",Rsÿ0
,,,,,~ 61ÿLacs+,~ 
Charandas Mahant,Korba,INC,0,Doctorate,"Rsÿ4,27,04,354","Rsÿ16,43,424"
,,,,,~ 4ÿCrore+,~ 16ÿLacs+
IJYARAJ SINGH,Kota,INC,0,Post Graduate,"Rsÿ18,01,31,144",Rsÿ0
,,,,,~ 18ÿCrore+,~ 
Jose K Mani,Kottayam,KEC(M),0,Post Graduate,"Rsÿ96,51,729",Rsÿ0
,,,,,~ 96ÿLacs+,~ 
M K Raghavan,Kozhikode,INC,0,Graduate,"Rsÿ14,09,694","Rsÿ10,55,000"
,,,,,~ 14ÿLacs+,~ 10ÿLacs+
SUGAVANAM. E.G.,Krishnagiri,DMK,3,12th Pass,"Rsÿ1,69,74,157","Rsÿ5,00,000"
,,,,,~ 1ÿCrore+,~ 5ÿLacs+
TAPAS PAUL,Krishnanagar,AITC,5,Graduate,"Rsÿ96,14,227",Rsÿ0
,,,,,~ 96ÿLacs+,~ 
KOTLA JAYA SURYA PRAKASH REDDY,Kurnool,INC,0,Graduate,"Rsÿ5,37,19,195","Rsÿ30,34,000"
,,,,,~ 5ÿCrore+,~ 30ÿLacs+
NAVEEN JINDAL,Kurukshetra,INC,0,Post Graduate,"Rsÿ1,31,07,30,000",Rsÿ0
,,,,,~ 131ÿCrore+,~ 
KU. RATANJEET PRATAP NARAYAN SINGH,Kushi Nagar,INC,0,Graduate,"Rsÿ3,99,75,893","Rsÿ1,00,000"
,,,,,~ 3ÿCrore+,~ 1ÿLacs+
HASSAN KHAN,Ladakh,IND,0,Graduate,"Rsÿ60,65,000",Rsÿ0
,,,,,~ 60ÿLacs+,~ 
RANEE NARAH,Lakhimpur,INC,1,Graduate,"Rsÿ5,39,76,290",Rsÿ0
,,,,,~ 5ÿCrore+,~ 
Muhammed Hamdulla Sayeed A.B.,Lakshadweep,INC,0,Graduate Professional,"Rsÿ2,09,77,767",Rsÿ0
,,,,,~ 2ÿCrore+,~ 
DR. BALIRAM,Lalganj,BSP,0,Doctorate,"Rsÿ80,03,036","Rsÿ6,38,922"
,,,,,~ 80ÿLacs+,~ 6ÿLacs+
AAWALE JAYWANT GANGARAM,Latur,INC,1,10th Pass,"Rsÿ3,04,85,766",Rsÿ0
,,,,,~ 3ÿCrore+,~ 
Sudershan Bhagat,Lohardaga,BJP,0,Graduate,"Rsÿ30,93,207","Rsÿ2,36,750"
,,,,,~ 30ÿLacs+,~ 2ÿLacs+
LAL JI TANDON,Lucknow,BJP,0,Graduate,"Rsÿ2,17,00,160",Rsÿ0
,,,,,~ 2ÿCrore+,~ 
MANISH TEWARI,Ludhiana,INC,0,Graduate Professional,"Rsÿ2,99,41,543",Rsÿ0
,,,,,~ 2ÿCrore+,~ 
TUFANI SAROJ,Machhlishahr,SP,0,Graduate,"Rsÿ53,36,133",Rsÿ0
,,,,,~ 53ÿLacs+,~ 
Konakalla Narayana Rao,Machilipatnam,TDP,0,12th Pass,"Rsÿ86,16,000","Rsÿ37,87,000"
,,,,,~ 86ÿLacs+,~ 37ÿLacs+
PAWAR SHARADCHANDRA GOVINDRAO,Madha,NCP,0,10th Pass,"Rsÿ8,72,38,434",Rsÿ0
,,,,,~ 8ÿCrore+,~ 
SHARAD YADAV,Madhepura,JD(U),1,Graduate Professional,"Rsÿ1,41,07,050",Rsÿ0
,,,,,~ 1ÿCrore+,~ 
HUKM DEO NARAYAN YADAV,Madhubani,BJP,0,Graduate,"Rsÿ2,50,12,430","Rsÿ2,64,033"
,,,,,~ 2ÿCrore+,~ 2ÿLacs+
ALAGIRI M.K,Madurai,DMK,0,Graduate,"Rsÿ19,39,78,895",Rsÿ0
,,,,,~ 19ÿCrore+,~ 
P. BALRAM,Mahabubabad,INC,0,Graduate,"Rsÿ1,71,95,194","Rsÿ1,41,22,000"
,,,,,~ 1ÿCrore+,~ 1ÿCrore+
Uma Shanaker Singh,Maharajganj,RJD,2,10th Pass,"Rsÿ1,01,45,601","Rsÿ4,50,000"
,,,,,~ 1ÿCrore+,~ 4ÿLacs+
Chandulal Sahu (Chandu Bhaiya),Mahasamund,BJP,0,Graduate Professional,"Rsÿ68,05,000","Rsÿ13,00,000"
,,,,,~ 68ÿLacs+,~ 13ÿLacs+
K. CHANDRASEKHARA RAO,Mahbubnagar,TRS,2,Graduate,"Rsÿ2,26,69,420",Rsÿ0
,,,,,~ 2ÿCrore+,~ 
JAYSHREEBEN KANUBHAI PATEL,Mahesana,BJP,0,10th Pass,"Rsÿ33,43,068","Rsÿ2,63,528"
,,,,,~ 33ÿLacs+,~ 2ÿLacs+
MULAYAM SINGH YADAV,Mainpuri,SP,0,Post Graduate,"Rsÿ2,23,99,310","Rsÿ42,000"
,,,,,~ 2ÿCrore+,~ 42ÿThou+
E Ahamed,Malappuram,MUL,0,Post Graduate,"Rsÿ38,87,709",Rsÿ0
,,,,,~ 38ÿLacs+,~ 
Abu Hasem Khan Choudhury,Maldaha Dakshin,INC,0,Doctorate,"Rsÿ87,82,797",Rsÿ0
,,,,,~ 87ÿLacs+,~ 
Mausam Noor,Maldaha Uttar,INC,0,Graduate Professional,"Rsÿ18,47,359","Rsÿ2,34,488"
,,,,,~ 18ÿLacs+,~ 2ÿLacs+
SARVEY SATYANARAYANA,Malkajgiri,INC,1,Graduate Professional,"Rsÿ1,01,12,521","Rsÿ1,16,848"
,,,,,~ 1ÿCrore+,~ 1ÿLacs+
VIRBHADRA SINGH,Mandi,INC,0,Post Graduate,"Rsÿ22,52,28,748","Rsÿ6,28,864"
,,,,,~ 22ÿCrore+,~ 6ÿLacs+
BASORI SINGH MASRAM,Mandla,INC,0,8th Pass,"Rsÿ36,21,178","Rsÿ3,50,000"
,,,,,~ 36ÿLacs+,~ 3ÿLacs+
MEENAKSHI NATRAJAN,Mandsour,INC,0,Post Graduate,"Rsÿ11,26,966",Rsÿ0
,,,,,~ 11ÿLacs+,~ 
N Chaluvarayaswamy,Mandya,JD(S),15,12th Pass,"Rsÿ5,41,68,804","Rsÿ41,25,000"
,,,,,~ 5ÿCrore+,~ 41ÿLacs+
RAMEN DEKA,Mangaldoi,BJP,0,Graduate,"Rsÿ75,79,967",Rsÿ0
,,,,,~ 75ÿLacs+,~ 
JAYANT K SINGH,Mathura,RLD,1,Post Graduate,"Rsÿ3,02,04,219","Rsÿ2,88,327"
,,,,,~ 3ÿCrore+,~ 2ÿLacs+
CHOUDHURY MOHAN JATUA,Mathurapur,AITC,0,Post Graduate,"Rsÿ25,85,000",Rsÿ0
,,,,,~ 25ÿLacs+,~ 
BABAR GAJANAN DHARMSHI,Maval,SHS,7,Literate,"Rsÿ6,78,31,434",Rsÿ0
,,,,,~ 6ÿCrore+,~ 
Kodikunnil Suresh,Mavelikkara,INC,4,Graduate Professional,"Rsÿ16,52,747","Rsÿ77,210"
,,,,,~ 16ÿLacs+,~ 77ÿThou+
MANIAN O.S,Mayiladuthurai,ADMK,1,12th Pass,"Rsÿ86,35,089","Rsÿ20,00,000"
,,,,,~ 86ÿLacs+,~ 20ÿLacs+
Laxman Tudu,Mayurbhanj,BJD,0,Graduate,"Rsÿ1,73,000","Rsÿ38,986"
,,,,,~ 1ÿLacs+,~ 38ÿThou+
VIJAYA SHANTHI .M,Medak,TRS,0,10th Pass,"Rsÿ27,10,66,905",Rsÿ0
,,,,,~ 27ÿCrore+,~ 
Prabodh Panda,Medinipur,CPI,0,Graduate,"Rsÿ22,30,746","Rsÿ3,62,156"
,,,,,~ 22ÿLacs+,~ 3ÿLacs+
RAJENDRA AGARWAL,Meerut,BJP,0,Post Graduate,"Rsÿ21,21,825","Rsÿ3,15,620"
,,,,,~ 21ÿLacs+,~ 3ÿLacs+
BAL KUMAR PATEL,Mirzapur,SP,10,12th Pass,"Rsÿ2,29,78,000","Rsÿ1,16,95,272"
,,,,,~ 2ÿCrore+,~ 1ÿCrore+
ASHOK KUMAR RAWAT,Misrikh,BSP,0,Post Graduate,"Rsÿ62,21,049","Rsÿ6,65,426"
,,,,,~ 62ÿLacs+,~ 6ÿLacs+
C.L.RUALA,Mizoram,INC,0,Graduate Professional,"Rsÿ53,54,186",Rsÿ0
,,,,,~ 53ÿLacs+,~ 
SUSHILA SAROJ,Mohanlalganj,SP,0,Post Graduate,"Rsÿ2,86,80,230","Rsÿ24,52,429"
,,,,,~ 2ÿCrore+,~ 24ÿLacs+
MOHAMMED AZHARUDDIN,Moradabad,INC,0,Graduate,"Rsÿ2,52,33,948","Rsÿ5,65,160"
,,,,,~ 2ÿCrore+,~ 5ÿLacs+
NARENDRA SINGH TOMAR,Morena,BJP,0,Graduate,"Rsÿ34,53,203","Rsÿ17,80,000"
,,,,,~ 34ÿLacs+,~ 17ÿLacs+
SANJAY BRIJKISHORLAL NIRUPAM,Mumbai North,INC,5,Graduate,"Rsÿ2,24,17,801","Rsÿ37,27,000"
,,,,,~ 2ÿCrore+,~ 37ÿLacs+
DUTT PRIYA SUNIL,Mumbai North Central,INC,0,Graduate,"Rsÿ34,95,76,448","Rsÿ1,47,511"
,,,,,~ 34ÿCrore+,~ 1ÿLacs+
SANJAY DINA PATIL,Mumbai North East,NCP,2,Graduate,"Rsÿ43,23,503",Rsÿ0
,,,,,~ 43ÿLacs+,~ 
AD.KAMAT GURUDAS VASANT,Mumbai North West,INC,0,Graduate Professional,"Rsÿ6,39,26,963",Rsÿ0
,,,,,~ 6ÿCrore+,~ 
DEORA MILIND MURLI,Mumbai South,INC,0,Graduate Professional,"Rsÿ17,53,73,142",Rsÿ0
,,,,,~ 17ÿCrore+,~ 
EKNATH M. GAIKWAD,Mumbai South Central,INC,0,10th Pass,"Rsÿ21,95,416",Rsÿ0
,,,,,~ 21ÿLacs+,~ 
ABDUL MANNAN HOSSAIN,Murshidabad,INC,1,Graduate,"Rsÿ17,09,788","Rsÿ10,06,391"
,,,,,~ 17ÿLacs+,~ 10ÿLacs+
KADEER RANA,Muzaffarnagar,BSP,4,Literate,"Rsÿ5,84,51,906",Rsÿ0
,,,,,~ 5ÿCrore+,~ 
CAPTAIN JAI NARAYAN PRASAD NISHAD,Muzaffarpur,JD(U),0,12th Pass,"Rsÿ1,51,48,831","Rsÿ43,37,141"
,,,,,~ 1ÿCrore+,~ 43ÿLacs+
ADAGUR H. VISWANATH,Mysore,INC,0,Graduate Professional,"Rsÿ2,82,91,172","Rsÿ73,67,061"
,,,,,~ 2ÿCrore+,~ 73ÿLacs+
Pradeep Kumar Majhi,Nabarangpur,INC,0,Graduate,"Rsÿ8,50,000","Rsÿ3,45,830"
,,,,,~ 8ÿLacs+,~ 3ÿLacs+
VIJAYAN A K S,Nagapattinam,DMK,0,12th Pass,"Rsÿ72,05,000","Rsÿ11,27,000"
,,,,,~ 72ÿLacs+,~ 11ÿLacs+
Dr. Manda Jagannath,Nagarkurnool,INC,0,Post Graduate,"Rsÿ2,81,26,000","Rsÿ31,23,000"
,,,,,~ 2ÿCrore+,~ 31ÿLacs+
DR JYOTI MIRDHA,Nagaur,INC,0,Graduate Professional,"Rsÿ3,90,39,915",Rsÿ0
,,,,,~ 3ÿCrore+,~ 
YASHVIR SINGH,Nagina,SP,1,12th Pass,"Rsÿ7,84,562",Rsÿ0
,,,,,~ 7ÿLacs+,~ 
MUTTEMWAR VILASRAO BABURAOJI,Nagpur,INC,0,Graduate,"Rsÿ1,53,02,294","Rsÿ27,56,726"
,,,,,~ 1ÿCrore+,~ 27ÿLacs+
K.C. SINGH BABA,Nainital-Udhamsingh Nagar,INC,0,12th Pass,"Rsÿ4,39,87,049","Rsÿ6,49,024"
,,,,,~ 4ÿCrore+,~ 6ÿLacs+
KAUSHALENDRA KUMAR,Nalanda,JD(U),0,12th Pass,"Rsÿ71,33,058","Rsÿ2,27,065"
,,,,,~ 71ÿLacs+,~ 2ÿLacs+
Gutha Sukender Reddy,Nalgonda,INC,0,12th Pass,"Rsÿ1,60,40,830","Rsÿ1,66,62,997"
,,,,,~ 1ÿCrore+,~ 1ÿCrore+
GANDHISELVAN.S,Namakkal,DMK,2,Post Graduate,"Rsÿ40,70,482",Rsÿ0
,,,,,~ 40ÿLacs+,~ 
KHATGAONK PATIL BHASKARRAO BAPURAO,Nanded,INC,4,Graduate,"Rsÿ6,24,16,000","Rsÿ2,60,000"
,,,,,~ 6ÿCrore+,~ 2ÿLacs+
GAVIT MANIKRAO HODLYA,Nandurbar,INC,0,5th Pass,"Rsÿ4,10,64,753",Rsÿ0
,,,,,~ 4ÿCrore+,~ 
S.P.Y.REDDY,Nandyal,INC,1,Graduate Professional,"Rsÿ9,28,21,000",Rsÿ0
,,,,,~ 9ÿCrore+,~ 
VENUGOPALA REDDY MODUGULA,Narasaraopet,TDP,2,Graduate Professional,"Rsÿ2,74,93,309","Rsÿ51,964"
,,,,,~ 2ÿCrore+,~ 51ÿThou+
BAPIRAJU KANUMURU,Narsapuram,INC,0,10th Pass,"Rsÿ3,05,74,013","Rsÿ38,12,438"
,,,,,~ 3ÿCrore+,~ 38ÿLacs+
SAMEER BHUJBAL,Nashik,NCP,0,10th Pass,"Rsÿ6,66,60,039",Rsÿ0
,,,,,~ 6ÿCrore+,~ 
CHANDRAKANT RAGHUNATH PATIL,Navsari,BJP,6,10th Pass,"Rsÿ24,20,83,697","Rsÿ4,22,08,512"
,,,,,~ 24ÿCrore+,~ 4ÿCrore+
BholaSingh,Nawada,BJP,0,Doctorate,"Rsÿ38,93,000","Rsÿ3,60,000"
,,,,,~ 38ÿLacs+,~ 3ÿLacs+
M Rajamohan Reddy,Nellore,INC,0,Graduate Professional,"Rsÿ36,34,62,696",Rsÿ0
,,,,,~ 36ÿCrore+,~ 
AJAY MAKAN,New Delhi,INC,1,Post Graduate,"Rsÿ4,01,48,040","Rsÿ97,120"
,,,,,~ 4ÿCrore+,~ 97ÿThou+
RAJA A,Nilgiris,DMK,0,Graduate Professional,"Rsÿ1,42,51,669","Rsÿ1,66,862"
,,,,,~ 1ÿCrore+,~ 1ÿLacs+
Madhu Yaskhi Goud,Nizamabad,INC,0,Post Graduate,"Rsÿ11,91,08,338","Rsÿ1,54,22,084"
,,,,,~ 11ÿCrore+,~ 1ÿCrore+
JAI PRAKASH AGARWAL,North East Delhi,INC,0,Graduate,"Rsÿ2,49,28,873",Rsÿ0
,,,,,~ 2ÿCrore+,~ 
SHRIPAD YESSO NAIK,North Goa,BJP,0,Graduate,"Rsÿ98,97,462","Rsÿ9,12,582"
,,,,,~ 98ÿLacs+,~ 9ÿLacs+
KIRSHNA TIRATH,North West Delhi,INC,0,Graduate Professional,"Rsÿ2,11,46,350",Rsÿ0
,,,,,~ 2ÿCrore+,~ 
RAJEN GOHAIN,Nowgong,BJP,1,Graduate Professional,"Rsÿ1,02,10,891","Rsÿ7,40,165"
,,,,,~ 1ÿCrore+,~ 7ÿLacs+
MAGUNTA SRINIVASULU REDDY,Ongole,INC,0,Graduate,"Rsÿ10,20,65,901",Rsÿ0
,,,,,~ 10ÿCrore+,~ 
PATIL PADAMSINHA BAJIRAO,Osmanabad,NCP,7,Graduate Professional,"Rsÿ7,58,52,364",Rsÿ0
,,,,,~ 7ÿCrore+,~ 
THANGSO BAITE,Outer Manipur,INC,0,Post Graduate,"Rsÿ17,78,418","Rsÿ8,80,000"
,,,,,~ 17ÿLacs+,~ 8ÿLacs+
M B Rajesh,Palakkad,CPM,16,Post Graduate,"Rsÿ11,05,474","Rsÿ5,04,893"
,,,,,~ 11ÿLacs+,~ 5ÿLacs+
KAMESHWAR BAITHA,Palamau,JMM,46,10th Pass,"Rsÿ5,70,000",Rsÿ0
,,,,,~ 5ÿLacs+,~ 
JADHAV BALIRAM SUKUR,Palghar,BVA,0,8th Pass,"Rsÿ23,99,053",Rsÿ0
,,,,,~ 23ÿLacs+,~ 
BADRI RAM,Pali,INC,1,Literate,"Rsÿ6,02,43,814","Rsÿ4,98,169"
,,,,,~ 6ÿCrore+,~ 4ÿLacs+
PRABHATSINH PRATAPSINH CHAUHAN,Panchmahal,BJP,3,10th Pass,"Rsÿ72,55,000",Rsÿ0
,,,,,~ 72ÿLacs+,~ 
ADV. DUDHGAONKAR GANESHRAO NAGORAO,Parbhani,SHS,0,Graduate Professional,"Rsÿ2,81,11,720",Rsÿ0
,,,,,~ 2ÿCrore+,~ 
DR. SANJAY JAISWAL,Paschim Champaran,BJP,2,Post Graduate,"Rsÿ1,09,50,474","Rsÿ11,69,173"
,,,,,~ 1ÿCrore+,~ 11ÿLacs+
RANJAN PRASAD YADAV,Pataliputra,JD(U),1,Doctorate,"Rsÿ1,53,19,000",Rsÿ0
,,,,,~ 1ÿCrore+,~ 
JAGDISHBHAI MOTIJI THAKORE,Patan,INC,0,10th Pass,"Rsÿ33,89,298","Rsÿ11,58,381"
,,,,,~ 33ÿLacs+,~ 11ÿLacs+
Anto Antony,Pathanamthitta,INC,0,Graduate,"Rsÿ14,24,205","Rsÿ17,06,713"
,,,,,~ 14ÿLacs+,~ 17ÿLacs+
PRENEET KAUR,Patiala,INC,0,Graduate,"Rsÿ42,30,43,438",Rsÿ0
,,,,,~ 42ÿCrore+,~ 
SHATRUGHAN SINHA,Patna Sahib,BJP,0,Graduate,"Rsÿ15,00,33,976","Rsÿ2,58,78,099"
,,,,,~ 15ÿCrore+,~ 2ÿCrore+
Dr. G. Vivekanand,Peddapalle,INC,0,Graduate Professional,"Rsÿ72,95,09,675",Rsÿ0
,,,,,~ 72ÿCrore+,~ 
"NAPOLEON,D.",Perambalur,DMK,0,Graduate,"Rsÿ19,14,19,973","Rsÿ2,82,70,000"
,,,,,~ 19ÿCrore+,~ 2ÿCrore+
KAPIL MUNI KARWARIYA,Phulpur,BSP,4,Graduate Professional,Nil,Rsÿ0
,,,,,,~ 
FEROZE VARUN GANDHI,Pilibhit,BJP,6,Graduate,"Rsÿ4,92,67,810",Rsÿ0
,,,,,~ 4ÿCrore+,~ 
SUGUMAR.K,Pollachi,ADMK,0,Graduate,"Rsÿ2,13,20,000","Rsÿ1,91,027"
,,,,,~ 2ÿCrore+,~ 1ÿLacs+
NARAYANASAMY,Pondicherry,INC,0,Post Graduate,"Rsÿ3,59,79,157","Rsÿ21,71,758"
,,,,,~ 3ÿCrore+,~ 21ÿLacs+
E T Mohamed Basheer,Ponnani,MUL,0,10th Pass,"Rsÿ6,05,855",Rsÿ0
,,,,,~ 6ÿLacs+,~ 
VITTHALBHAI HANSRAJBHAI RADADIYA,Porbandar,INC,16,Graduate,"Rsÿ2,06,75,722",Rsÿ0
,,,,,~ 2ÿCrore+,~ 
RAJKUMARI RATNA SINGH,Pratapgarh,INC,5,Graduate,"Rsÿ67,82,70,725","Rsÿ10,02,000"
,,,,,~ 67ÿCrore+,~ 10ÿLacs+
KALMADI SURESH,Pune,INC,1,Post Graduate,"Rsÿ12,81,65,624",Rsÿ0
,,,,,~ 12ÿCrore+,~ 
Pinaki Misra,Puri,BJD,0,Graduate,"Rsÿ29,69,00,000",Rsÿ0
,,,,,~ 29ÿCrore+,~ 
UDAY SINGH ALIAS PAPPU SINGH,Purnia,BJP,2,12th Pass,"Rsÿ41,91,30,669","Rsÿ14,10,120"
,,,,,~ 41ÿCrore+,~ 14ÿLacs+
Narahari Mahato,Purulia,AIFB,0,Post Graduate,"Rsÿ30,86,000","Rsÿ4,00,000"
,,,,,~ 30ÿLacs+,~ 4ÿLacs+
RADHA MOHAN SINGH,Purvi Champaran,BJP,0,Graduate,"Rsÿ76,29,444","Rsÿ1,84,731"
,,,,,~ 76ÿLacs+,~ 1ÿLacs+
SONIA GANDHI,Rae bareli,INC,0,Others,"Rsÿ1,37,94,768",Rsÿ0
,,,,,~ 1ÿCrore+,~ 
S Pakkirappa,Raichur,BJP,1,5th Pass,"Rsÿ77,36,230",Rsÿ0
,,,,,~ 77ÿLacs+,~ 
ANANT GEETE,Raigad,SHS,1,10th Pass,"Rsÿ85,55,617",Rsÿ0
,,,,,~ 85ÿLacs+,~ 
Deepa Dasmunsi,Raiganj,INC,0,Post Graduate,"Rsÿ1,25,14,145",Rsÿ0
,,,,,~ 1ÿCrore+,~ 
Vishu Deo Sai,Raigarh,BJP,0,10th Pass,"Rsÿ23,02,000",Rsÿ0
,,,,,~ 23ÿLacs+,~ 
V Arun Kumar,Rajahmundry,INC,2,Graduate Professional,"Rsÿ1,30,73,077","Rsÿ9,79,680"
,,,,,~ 1ÿCrore+,~ 9ÿLacs+
ANNAYYAGARI SAI PRATHAP,Rajampet,INC,0,12th Pass,"Rsÿ62,33,245","Rsÿ6,05,031"
,,,,,~ 62ÿLacs+,~ 6ÿLacs+
NARAYANSINGH AMLABE,Rajgarh,INC,0,12th Pass,"Rsÿ38,08,133","Rsÿ1,61,617"
,,,,,~ 38ÿLacs+,~ 1ÿLacs+
KUNVARJIBHAI MOHANBHAI BAVALIYA,Rajkot,INC,3,Graduate,"Rsÿ45,60,852","Rsÿ5,99,799"
,,,,,~ 45ÿLacs+,~ 5ÿLacs+
DEVIDHAN BESRA,Rajmahal,BJP,0,10th Pass,"Rsÿ48,28,559",Rsÿ0
,,,,,~ 48ÿLacs+,~ 
Madhusudan Yadav,Rajnandgaon,BJP,1,12th Pass,"Rsÿ11,65,680",Rsÿ0
,,,,,~ 11ÿLacs+,~ 
GOPAL SINGH,Rajsamand,INC,0,Graduate Professional,"Rsÿ41,06,255","Rsÿ4,89,648"
,,,,,~ 41ÿLacs+,~ 4ÿLacs+
SIVAKUMAR @ J.K. RITHEESH. K,Ramanathapuram,DMK,2,Graduate,"Rsÿ12,28,20,653","Rsÿ40,00,000"
,,,,,~ 12ÿCrore+,~ 40ÿLacs+
JAYA PRADA NAHATA,Rampur,SP,0,12th Pass,"Rsÿ13,14,90,118","Rsÿ13,98,995"
,,,,,~ 13ÿCrore+,~ 13ÿLacs+
WASNIK MUKUL BALKRISHNA,Ramtek,INC,1,Post Graduate,"Rsÿ31,11,932",Rsÿ0
,,,,,~ 31ÿLacs+,~ 
SUCHARU RANJAN HALDAR,Ranaghat,AITC,0,Post Graduate,"Rsÿ1,08,82,896",Rsÿ0
,,,,,~ 1ÿCrore+,~ 
SUBODH KANT SAHAY,Ranchi,INC,1,Graduate,"Rsÿ2,71,79,918",Rsÿ0
,,,,,~ 2ÿCrore+,~ 
KANTILAL BHURIA,Ratlam,INC,0,Post Graduate,"Rsÿ3,05,57,089",Rsÿ0
,,,,,~ 3ÿCrore+,~ 
DR.NILESH NARAYAN RANE,Ratnagiri Sindhudurg,INC,1,Doctorate,"Rsÿ3,05,61,862",Rsÿ0
,,,,,~ 3ÿCrore+,~ 
HARIBHAU MADHAV JAWALE,Raver,BJP,0,Graduate,"Rsÿ78,42,881","Rsÿ6,29,917"
,,,,,~ 78ÿLacs+,~ 6ÿLacs+
DEORAJ SINGH PATEL,Rewa,BSP,0,Post Graduate,"Rsÿ3,08,45,000","Rsÿ49,61,271"
,,,,,~ 3ÿCrore+,~ 49ÿLacs+
PAKAURI LAL,Robertsganj,SP,0,Literate,"Rsÿ17,62,515",Rsÿ0
,,,,,~ 17ÿLacs+,~ 
DEEPENDER SINGH,Rohtak,INC,0,Post Graduate,"Rsÿ6,53,67,032",Rsÿ0
,,,,,~ 6ÿCrore+,~ 
MAHENDRASINH PRUTHVISINH CHAUHAN,Sabarkantha,BJP,0,Graduate Professional,"Rsÿ88,42,370","Rsÿ1,61,190"
,,,,,~ 88ÿLacs+,~ 1ÿLacs+
JAGDISH SINGH RANA,Saharanpur,BSP,0,Graduate,"Rsÿ1,88,67,277","Rsÿ2,98,187"
,,,,,~ 1ÿCrore+,~ 2ÿLacs+
SEMMALAI S,Salem,ADMK,2,Graduate Professional,"Rsÿ4,62,20,339","Rsÿ59,000"
,,,,,~ 4ÿCrore+,~ 59ÿThou+
RAMASHANKAR RAJBHAR,Salempur,BSP,0,Graduate,"Rsÿ23,05,000",Rsÿ0
,,,,,~ 23ÿLacs+,~ 
MAHESWER HAZARI,Samastipur,JD(U),0,Post Graduate,"Rsÿ69,64,921","Rsÿ10,54,356"
,,,,,~ 69ÿLacs+,~ 10ÿLacs+
Amarnath Pradhan,Sambalpur,INC,0,Graduate,"Rsÿ43,25,000","Rsÿ4,66,494"
,,,,,~ 43ÿLacs+,~ 4ÿLacs+
DR. SHAFIQUR RAHMAN BARQ,Sambhal,BSP,0,Graduate,"Rsÿ70,59,763",Rsÿ0
,,,,,~ 70ÿLacs+,~ 
PRATIK PRAKASHBAPU PATIL,Sangli,INC,1,Others,"Rsÿ2,21,37,000","Rsÿ13,58,000"
,,,,,~ 2ÿCrore+,~ 13ÿLacs+
VIJAY INDER SINGLA,Sangrur,INC,0,12th Pass,"Rsÿ3,47,77,859","Rsÿ3,74,957"
,,,,,~ 3ÿCrore+,~ 3ÿLacs+
BHISMA SHANKAR ALIAS KUSHAL TIWARI,Sant Kabir Nagar,BSP,0,12th Pass,"Rsÿ3,19,26,944","Rsÿ11,25,920"
,,,,,~ 3ÿCrore+,~ 11ÿLacs+
MEIRA KUMAR,Sasaram,INC,0,Post Graduate,"Rsÿ10,15,65,500",Rsÿ0
,,,,,~ 10ÿCrore+,~ 
BHONSLE SHRIMANT CHH. UDYANRAJE PRATAPSINH,Satara,NCP,14,Others,"Rsÿ11,72,53,344","Rsÿ18,00,000"
,,,,,~ 11ÿCrore+,~ 18ÿLacs+
GANESH SINGH,Satna,BJP,3,Post Graduate,"Rsÿ73,72,032","Rsÿ16,585"
,,,,,~ 73ÿLacs+,~ 16ÿThou+
ANJAN KUMAR YADAV,Secunderabad,INC,0,12th Pass,"Rsÿ2,06,20,697","Rsÿ15,00,000"
,,,,,~ 2ÿCrore+,~ 15ÿLacs+
RAJESH NANDINI SINGH,Shahdol,INC,0,Graduate,"Rsÿ1,14,75,000","Rsÿ2,00,000"
,,,,,~ 1ÿCrore+,~ 2ÿLacs+
MITHLESH,Shahjahanpur,SP,0,Graduate,"Rsÿ80,35,655","Rsÿ17,46,024"
,,,,,~ 80ÿLacs+,~ 17ÿLacs+
RAMA DEVI,Sheohar,BJP,5,Graduate Professional,"Rsÿ6,94,29,234","Rsÿ8,83,367"
,,,,,~ 6ÿCrore+,~ 8ÿLacs+
VINCENT H PALA,Shillong,INC,0,Graduate Professional,"Rsÿ25,16,18,190",Rsÿ0
,,,,,~ 25ÿCrore+,~ 
VIRENDER KASHYAP,Shimla,BJP,0,Post Graduate,"Rsÿ34,34,928",Rsÿ0
,,,,,~ 34ÿLacs+,~ 
B.Y. RAGHAVENDRA,Shimoga,BJP,0,Graduate Professional,"Rsÿ6,62,73,401","Rsÿ42,34,969"
,,,,,~ 6ÿCrore+,~ 42ÿLacs+
WAKCHOURE BHAUSAHEB RAJARAM,Shirdi,SHS,0,Post Graduate,"Rsÿ1,78,60,515","Rsÿ24,27,069"
,,,,,~ 1ÿCrore+,~ 24ÿLacs+
ADHALRAO SHIVAJI DATTATRAY,Shirur,SHS,4,Post Graduate,"Rsÿ12,71,13,134","Rsÿ1,62,21,275"
,,,,,~ 12ÿCrore+,~ 1ÿCrore+
VINAY KUMAR ALIAS VINNU,Shrawasti,INC,4,Doctorate,"Rsÿ1,57,43,200","Rsÿ5,89,157"
,,,,,~ 1ÿCrore+,~ 5ÿLacs+
GOVIND PRASAD MISHRA,Sidhi,BJP,0,Graduate Professional,"Rsÿ51,87,425",Rsÿ0
,,,,,~ 51ÿLacs+,~ 
MAHADEV SINGH,Sikar,INC,0,Post Graduate,"Rsÿ78,79,689",Rsÿ0
,,,,,~ 78ÿLacs+,~ 
PREM DAS RAI,Sikkim,SDF,0,Post Graduate,"Rsÿ1,85,03,294","Rsÿ8,41,835"
,,,,,~ 1ÿCrore+,~ 8ÿLacs+
Kabindra Purkayastha,Silchar,BJP,0,Post Graduate,"Rsÿ20,98,543","Rsÿ81,279"
,,,,,~ 20ÿLacs+,~ 81ÿThou+
MADHU KORA,Singhbhum,IND,0,Graduate,"Rsÿ98,32,144",Rsÿ0
,,,,,~ 98ÿLacs+,~ 
ASHOK TANWAR,Sirsa,INC,2,Post Graduate,"Rsÿ2,36,64,959",Rsÿ0
,,,,,~ 2ÿCrore+,~ 
ARJUN ROY,Sitamarhi,JD(U),0,Doctorate,"Rsÿ29,07,146","Rsÿ4,62,913"
,,,,,~ 29ÿLacs+,~ 4ÿLacs+
KAISAR JAHAN,Sitapur,BSP,0,8th Pass,"Rsÿ65,53,956",Rsÿ0
,,,,,~ 65ÿLacs+,~ 
CHIDAMBARAM P,Sivaganga,INC,0,Post Graduate,"Rsÿ26,79,08,542",Rsÿ0
,,,,,~ 26ÿCrore+,~ 
OmPrakashYadav,Siwan,IND,1,Graduate,"Rsÿ30,32,500",Rsÿ0
,,,,,~ 30ÿLacs+,~ 
SHINDE SUSHILKUMAR SAMBHAJIRAO,Solapur,INC,0,Graduate Professional,"Rsÿ8,60,42,099","Rsÿ37,00,000"
,,,,,~ 8ÿCrore+,~ 37ÿLacs+
JITENDER SINGH,Sonipat,INC,0,Graduate Professional,"Rsÿ17,79,080",Rsÿ0
,,,,,~ 17ÿLacs+,~ 
RAMESH KUMAR,South Delhi,INC,0,10th Pass,"Rsÿ2,58,45,997","Rsÿ3,29,812"
,,,,,~ 2ÿCrore+,~ 3ÿLacs+
COSME FRANCISCO CAITANO SARDINHA,South Goa,INC,0,Graduate Professional,"Rsÿ2,94,73,470","Rsÿ4,43,500"
,,,,,~ 2ÿCrore+,~ 4ÿLacs+
KALYAN BANERJEE,Sreerampur,AITC,0,Graduate Professional,"Rsÿ1,61,46,266","Rsÿ21,25,000"
,,,,,~ 1ÿCrore+,~ 21ÿLacs+
K. KRUPA RANI,Srikakulam,INC,0,Graduate Professional,"Rsÿ1,84,91,160","Rsÿ26,42,781"
,,,,,~ 1ÿCrore+,~ 26ÿLacs+
FAROOQ ABDULLAH,Srinagar,JKN,0,Graduate Professional,"Rsÿ9,78,41,140",Rsÿ0
,,,,,~ 9ÿCrore+,~ 
BAALU T R,Sriperumbudur,DMK,0,Graduate,"Rsÿ7,69,71,478",Rsÿ0
,,,,,~ 7ÿCrore+,~ 
DR.SANJAY SINGH,Sultanpur,INC,0,Doctorate,"Rsÿ6,22,59,720",Rsÿ0
,,,,,~ 6ÿCrore+,~ 
HEMANAND BISWAL,Sundargarh,INC,0,12th Pass,"Rsÿ39,65,226",Rsÿ0
,,,,,~ 39ÿLacs+,~ 
VISHWA MOHAN KUMAR,Supaul,JD(U),0,Post Graduate,"Rsÿ66,89,616","Rsÿ4,40,179"
,,,,,~ 66ÿLacs+,~ 4ÿLacs+
DARSNABEN VIKRAMBHAI JARDOS,Surat,BJP,1,Graduate,"Rsÿ90,21,338","Rsÿ3,95,000"
,,,,,~ 90ÿLacs+,~ 3ÿLacs+
SOMABHAI GANDABHAI KOLIPATEL,Surendranagar,INC,0,5th Pass,"Rsÿ1,86,18,718",Rsÿ0
,,,,,~ 1ÿCrore+,~ 
ADHIKARI SUVENDU,Tamluk,AITC,3,Graduate,"Rsÿ47,51,934",Rsÿ0
,,,,,~ 47ÿLacs+,~ 
VIJAY BAHUGUNA,Tehri Garhwal,INC,0,Graduate Professional,"Rsÿ1,35,01,773",Rsÿ0
,,,,,~ 1ÿCrore+,~ 
LINGAM P,Tenkasi,CPI,0,Graduate,"Rsÿ1,59,365","Rsÿ23,014"
,,,,,~ 1ÿLacs+,~ 23ÿThou+
JOSEPH TOPPO,Tezpur,AGP,0,10th Pass,"Rsÿ9,36,292","Rsÿ5,35,000"
,,,,,~ 9ÿLacs+,~ 5ÿLacs+
DR.SANJEEV GANESH NAIK,Thane,NCP,2,12th Pass,"Rsÿ3,04,15,344",Rsÿ0
,,,,,~ 3ÿCrore+,~ 
PALANIMANICKAM.S.S,Thanjavur,DMK,0,Graduate Professional,"Rsÿ75,23,592","Rsÿ28,41,136"
,,,,,~ 75ÿLacs+,~ 28ÿLacs+
AARON RASHID.J.M,Theni,INC,0,12th Pass,"Rsÿ24,89,74,573","Rsÿ21,91,815"
,,,,,~ 24ÿCrore+,~ 21ÿLacs+
Shashi Tharoor,Thiruvananthapuram,INC,1,Doctorate,"Rsÿ21,24,42,472",Rsÿ0
,,,,,~ 21ÿCrore+,~ 
JEYADURAI S R,Thoothukkudi,DMK,0,Graduate,"Rsÿ8,75,26,313","Rsÿ10,90,000"
,,,,,~ 8ÿCrore+,~ 10ÿLacs+
P C Chacko,Thrissur,INC,0,Post Graduate,"Rsÿ1,63,35,679",Rsÿ0
,,,,,~ 1ÿCrore+,~ 
VIRENDRA KUMAR,Tikamgarh,BJP,0,Doctorate,"Rsÿ25,51,466",Rsÿ0
,,,,,~ 25ÿLacs+,~ 
KUMAR.P,Tiruchirappalli,ADMK,0,Graduate Professional,"Rsÿ53,45,000","Rsÿ8,06,395"
,,,,,~ 53ÿLacs+,~ 8ÿLacs+
RAMASUBBU S,Tirunelveli,INC,0,Post Graduate,"Rsÿ3,47,06,447","Rsÿ18,07,386"
,,,,,~ 3ÿCrore+,~ 18ÿLacs+
Chinta Mohan,Tirupati,INC,0,Graduate Professional,"Rsÿ55,12,900","Rsÿ5,57,719"
,,,,,~ 55ÿLacs+,~ 5ÿLacs+
SIVASAMI C,Tiruppur,ADMK,3,Post Graduate,"Rsÿ5,18,92,954",Rsÿ0
,,,,,~ 5ÿCrore+,~ 
VENUGOPAL.P,Tiruvallur,ADMK,0,Graduate Professional,"Rsÿ20,74,236","Rsÿ3,50,000"
,,,,,~ 20ÿLacs+,~ 3ÿLacs+
VENUGOPAL.D,Tiruvannamalai,DMK,0,Others,"Rsÿ5,70,10,000","Rsÿ15,38,546"
,,,,,~ 5ÿCrore+,~ 15ÿLacs+
BAJU BAN RIYAN,Tripura East,CPM,0,Graduate,"Rsÿ36,95,981",Rsÿ0
,,,,,~ 36ÿLacs+,~ 
KHAGEN DAS,Tripura West,CPM,0,Post Graduate,"Rsÿ34,92,580",Rsÿ0
,,,,,~ 34ÿLacs+,~ 
G.S. BASAVARAJU,Tumkur,BJP,0,Graduate Professional,"Rsÿ5,43,82,029","Rsÿ87,61,621"
,,,,,~ 5ÿCrore+,~ 87ÿLacs+
AGATHA K. SANGMA,Tura,NCP,0,Post Graduate,"Rsÿ66,44,295",Rsÿ0
,,,,,~ 66ÿLacs+,~ 
Raghuveer singh,Udaipur,INC,0,Graduate,"Rsÿ67,53,883","Rsÿ17,50,000"
,,,,,~ 67ÿLacs+,~ 17ÿLacs+
CH. LAL SINGH,Udhampur,INC,0,Graduate,"Rsÿ17,62,378","Rsÿ26,50,000"
,,,,,~ 17ÿLacs+,~ 26ÿLacs+
D.V.Sadananda Gowda,Udupi Chikmagalur,BJP,0,Graduate Professional,"Rsÿ1,43,75,959","Rsÿ24,86,447"
,,,,,~ 1ÿCrore+,~ 24ÿLacs+
ASWAMEDH DEVI,Ujiarpur,JD(U),0,5th Pass,"Rsÿ1,05,36,274","Rsÿ3,41,141"
,,,,,~ 1ÿCrore+,~ 3ÿLacs+
GUDDU PREMCHAND,Ujjain,INC,3,5th Pass,"Rsÿ10,50,31,313","Rsÿ15,00,000"
,,,,,~ 10ÿCrore+,~ 15ÿLacs+
SULTAN AHMED,Uluberia,AITC,0,Graduate,"Rsÿ60,26,230","Rsÿ36,00,555"
,,,,,~ 60ÿLacs+,~ 36ÿLacs+
ANNUTANDON,Unnao,INC,1,Graduate,"Rsÿ42,13,52,753",Rsÿ0
,,,,,~ 42ÿCrore+,~ 
Ananthkumar Hegde,Uttara Kannada,BJP,3,12th Pass,"Rsÿ64,27,192","Rsÿ39,55,458"
,,,,,~ 64ÿLacs+,~ 39ÿLacs+
Mullappally Ramachandran,Vadakara,INC,0,Post Graduate,"Rsÿ33,16,300","Rsÿ5,02,346"
,,,,,~ 33ÿLacs+,~ 5ÿLacs+
BALKRISHNA KHANDERAO SHUKLA,Vadodara,BJP,1,Graduate,"Rsÿ26,62,058","Rsÿ2,16,512"
,,,,,~ 26ÿLacs+,~ 2ÿLacs+
RAGHUVANSH PRASAD SINGH,Vaishali,RJD,0,Doctorate,"Rsÿ61,69,238","Rsÿ2,14,137"
,,,,,~ 61ÿLacs+,~ 2ÿLacs+
BAIDYANATH PRASAD MAHTO,Valmiki Nagar,JD(U),1,10th Pass,"Rsÿ44,28,802","Rsÿ5,20,445"
,,,,,~ 44ÿLacs+,~ 5ÿLacs+
KISANBHAI VESTABHAI PATEL,Valsad,INC,2,12th Pass,"Rsÿ15,20,245",Rsÿ0
,,,,,~ 15ÿLacs+,~ 
DR. MURLI MANOHAR JOSHI,Varanasi,BJP,1,Doctorate,"Rsÿ5,44,75,345",Rsÿ0
,,,,,~ 5ÿCrore+,~ 
ABDUL RAHMAN,Vellore,DMK,0,Graduate,"Rsÿ1,25,47,128","Rsÿ32,97,328"
,,,,,~ 1ÿCrore+,~ 32ÿLacs+
SUSHMA SWARAJ,Vidisha,BJP,0,Graduate Professional,"Rsÿ7,35,82,637","Rsÿ58,250"
,,,,,~ 7ÿCrore+,~ 58ÿThou+
L Rajagopal,Vijayawada,INC,0,Graduate Professional,"Rsÿ1,22,29,64,909","Rsÿ2,39,67,984"
,,,,,~ 122ÿCrore+,~ 2ÿCrore+
ANANDAN M,Viluppuram,ADMK,0,12th Pass,"Rsÿ89,38,646","Rsÿ9,67,994"
,,,,,~ 89ÿLacs+,~ 9ÿLacs+
MANICKA TAGORE,Virudhunagar,INC,0,Graduate Professional,"Rsÿ33,13,910",Rsÿ0
,,,,,~ 33ÿLacs+,~ 
D. PURANDARESHWARI,Visakhapatnam,INC,0,Graduate,"Rsÿ20,26,39,034","Rsÿ5,60,000"
,,,,,~ 20ÿCrore+,~ 5ÿLacs+
B. JHANSI,Vizianagaram,INC,1,Post Graduate,"Rsÿ2,29,51,539",Rsÿ0
,,,,,~ 2ÿCrore+,~ 
Rajaiah Siricilla,Warangal,INC,0,Graduate,"Rsÿ42,24,704","Rsÿ14,61,167"
,,,,,~ 42ÿLacs+,~ 14ÿLacs+
DATTA MEGHE,Wardha,INC,0,Graduate,"Rsÿ28,77,39,495","Rsÿ7,00,08,871"
,,,,,~ 28ÿCrore+,~ 7ÿCrore+
M I Shanavas,Wayanad,INC,0,Post Graduate,"Rsÿ2,39,04,424","Rsÿ25,48,978"
,,,,,~ 2ÿCrore+,~ 25ÿLacs+
MAHABAL MISHRA,West Delhi,INC,0,12th Pass,"Rsÿ6,19,94,338","Rsÿ9,89,118"
,,,,,~ 6ÿCrore+,~ 9ÿLacs+
BHAVANA GAWALI (PATIL),Yavatmal-Washim,SHS,1,Graduate,"Rsÿ3,03,99,471","Rsÿ24,30,911"
,,,,,~ 3ÿCrore+,~ 24ÿLacs+
SURESH KUMAR SHETKAR,Zahirabad,INC,0,Graduate,"Rsÿ30,11,999",Rsÿ0
,,,,,~ 30ÿLacs+,~ 
